,collection_date,country,subtype,genotype,G_seq
0,2017,Germany: Wuerzburg,A,ON1,KKDPKPQTTKPKEVLTTKPTGKPTINTTKTNIRTTLLTSNTKGNPEHTSQEETLHSTTSEGYLSPSQVYTTSSQEETLHSTTSKGYSSPSQVHTTSEYPSQSPSSSNIKK
1,2017,Germany: Wuerzburg,A,ON1,KKDPKPQTTKPKEVLTTKPTGKPTINTTKTNIRTTLITSNTKGNPEHTSQEETLHSTTSEGYPSPSQVYTTSGQEETLHSTTSEGYPSPSQAHTTSEYPSQSLSSSNTAK
2,2017,Germany: Wuerzburg,A,ON1,KEDPKPQTTKPKEVLTTKPTGKPTINTTKTNIRTTLLISNTKGNPEHTSQEETLHSTTSEGYLSPSQVYTTSGQEETLHSTTSEGHPSPPQVYTTSEYLSQSPSSSTTTK
3,2017,Germany: Wuerzburg,A,ON1,KKDPKPQTTKPKEVLTTKPTGKPTINTTKTNIRTTLLTSNTKGNPEHTSQEETLHSTTSEGYPSLSQVYTTSGQEETLHSTTSEGYPSPSQVHTTSEYLSQSLSSSNTAK
4,2017,Germany: Wuerzburg,A,ON1,KKDPKPQTTKPKEVLTTKPTGKPTINTAKTNIRTTLLTSNTKGNPEHTSQEETLHSTTSEGYPSPSQVYTTSGQEETLHSTTSEGYLSPSQVYTTSEYLSQSLSSSNNTK
5,2017,Germany: Wuerzburg,A,ON1,KKDPKPQTTKPKEVLTTKPTGKPTINTTKTNIRTTLLTSNTKGNPEHTSQEETLHSTTSKGYLSPSQVYTTSGQEETLHSTTSEGYPSPSQVYTTSEYLSQSLFLSNTTK
6,2017,Germany: Wuerzburg,A,ON1,KKDPKPQTTKPKEVLTTKPTRKPTINTTKTNIRTTLLISNTKGNPEHTSQKETLHSTTSEGYPSPSQVHTTSGQEETLHSTTSEGHPSPSQVYTTSEYLSQSLSSSNTTK
7,2017,Germany: Wuerzburg,A,ON1,KKDPKPQTTKPMEALTTKPTGKPTINTTKTNSRTTLLTSNTKGNPEHTSQKETLHSTTSEGHPSPSQVHTTSGQEETLHSTTPEGYPSPSQVYTTSEYLSQSLSSSNTTK
8,2017,Germany: Wuerzburg,A,ON1,KKDPKPQTTKPKEVLTTKPTGKPTINTTKTNIRTTLLTSNTKGNPEHTSQEETLHSTTSEGYLSPSQVYTTSGQEETLHSTTSEGYLSPSQVYTTSEYLSQSLSSSNTTK
9,2017,Germany: Wuerzburg,A,ON1,KKDPKPQTTKPKVVLTTKPTGKPTINTTKTNIRTTLLTSNTKGNPEHTSQEETLHSTTSEGYPSPSQVYTTSGQEETLHSTTSEGYPSPSQVHTTSEYLSQSLSSSNTAK
10,2017,Germany: Wuerzburg,A,ON1,KKDPKPQTTKPKEVLTTKPTGKPTINTTKTNIRTTLLTSNTKGNLEHTSQEETLHSTTSEGYPGPSQVYTTSGQEETLHSTTSEGYPSPSQVHTTSEYLSQSLSSSNTTK
11,2017,Germany: Wuerzburg,A,ON1,KKDPKPQTTKPKEVLTTKPTGKPTINTTKTNSRTTLLTSNTKGNPEHTSQKETLHSTTSEDYPSPSQVYTTSGQEETLHSTTSEGYPSPSQVYTTSEYLSQSLSSSNTTK
12,2017,Germany: Wuerzburg,A,ON1,KKDPKPQTTKPKEVLTTKPTGKPTINTTKTNIRTTLLTSNTKGNPEHTSQEETLHSTTSEGYLSPSQVYTTSSQEETLHSTTSKGYPSPSQVHTTSEYPSQSPSSSNIKK
13,2017,Germany: Wuerzburg,A,ON1,KKDPKPQTTKPREVLTTKPTGKPTINTTKTNSRTTLLTSNNKGNPEHTSQKETFHSTTSEGYLSPSQVYTTSGQEETLHSTTSEGYPSPSQVYTTSEYLSQSLSSSNTTK
14,2017,Germany: Wuerzburg,A,ON1,KKDPKPQTTKPKEVLTTKHTRKPTINTTKTNSRTTLLTSNTKGNPEHTSQKETLHPTTSEGYPSPSQVYTTSGQEETPHSTTSEGYPSLSQVHTTSEYLSQSPSSSNITK
15,2017,Germany: Wuerzburg,A,ON1,KKDPKPQTTKPMEVLTTKPTGKPTINTTKTNIRTTLLTSNTKGNPEHTSQEETLHSTTSEGYLSPSQVYTTSGQEETLHSTTSEGYPSSSQVYTTSEYLSQSLSSSNTTKG
16,2017,Germany: Wuerzburg,A,ON1,KKDPKPQTTKPKEVLTTKPTGKPTINTTKTNIRTTLLTSNTKGNPEHTSQEETLHSTTSEGYPSPSQVYTTSGQEETLHSTTSEGYPSPSQVHTTSEYLSQSLSSSNTAK
17,2017,Germany: Wuerzburg,A,ON1,KKDPKPQTTKPKEVLTTKPTGKPTINTTKTNIRTTLLTSNTKGNPEHTSQEETLHSTTSEGHPSPSQVYTTSSQEETLHSTTSKGYPSXSQVHTTSEYPSQSPSSSNIKK
18,2017,Germany: Wuerzburg,A,ON1,KKDPKPQTTKPKEVLTTKPTGKPTINTTKTNIRTTLITSNTKGNPEHTSQEETLHSTTSEGYPSPSQVHTTSGQEETLHSTTSEGYPSPSQAHTTSEYPSQSPSSSNIAK
19,2017,Germany: Wuerzburg,A,ON1,KKDPKPQTTKPKEVLTTKPTGKPTINTTKTNIRTTLLTSNTKGNPEHTSQEETLHSTTSEGYXSPSQVYTTSSQEETLHSTTSKGYPSPSQVHTTSEYPSQSPSSSNIKK
20,2017,Germany: Wuerzburg,A,ON1,KKDPKPQTTKPKEVLTTKPTGKPTINTTKTNIRTTLITSNTKGNPEHTSQEETLHSTTSEGYPSPSQVYTTSGQEETLHSTTSEGYPSPSQAHTTSEYPSQSLSSSNIAK
21,2017,Germany: Wuerzburg,A,ON1,KKDPKPQTTKPKEVLTTKPTGKPTINTTKTNIRTTLLTSNTKGNPEHTSQEETLHSTTSEGYPSPSQVYTTSSQEETLHSTTSEGYLSPSQVYTTSEYLSQSLSSSNTTK
22,2017,Germany: Wuerzburg,A,ON1,KKDPKPQTTKPKEVLTTKPTRKPTINTTKTNSRTTLLTSNTKGNPEHTSQKETLHSTTSEGYPSPSQVYTTSGQEETPHSTTSEGYPSPSQVHTTSEYLSQSPSSSNTTK
23,2017,Germany: Wuerzburg,A,ON1,KKDPKPQTTKPKGVLTTKPTGKPTINTTKTNSRTTLLTSNTKGNPEHTSQKETIHSTTSEGYPSPSQVYTTSGQEETLHSTTSEGYPSPSQVYTTSEYLSQSLSSSNTTK
24,2017,Germany: Wuerzburg,A,ON1,KKDPKPQTTKPKEVLTTKPTGKPTINTTKTNIRTTLLTSNTKGNPEHTSQEETLHSTTSEGHPSPSQVYTTSSQEETLHSTTSKGYPSPSQVHTTSEYPSQSPSSSNIKK
25,2017,Germany: Wuerzburg,A,ON1,KKDPKPQTTKPKEVLTTKPTGKPTINTTKTNSRTTLLTSNTKXNPEHTSQKETLHSTTSEGYLSPSQVYTTSGQEETLHSTTSESYSSPSQVYTTSKYLSQSLSSSNTTK
26,2017,Germany: Wuerzburg,A,ON1,KKDPKPQTTKPKEVLTTKPTGKPTINTTKTNIRTTLLTSNTKGNPEHTSQEETLHSTTSEGYPSPSQVHTTSSQEETLHSTTSKGYPSPSQVHTTSEYPSQSPSSSNIKK
27,2017,Germany: Wuerzburg,A,ON1,KKDPKPQTTKPKEALTTKPTGKPTINTTKTNIRTTLLTSNTKGNPEHTSQEEILHSTTSEGYPSPSQVHTTSGQEETLHSTTSEGYPSPSQVYTTSKYLSQSLSSSNTTK
28,2017,Germany: Wuerzburg,A,ON1,KKDPKPQTTKPKEVLTTKPTGKPTINTTKTNIRTTLLTSNTKGNPEHTSQEETLHSTTSEGYLSPSQVYTTSSQEETLHSTTSKGYPSPSQVHTTSEYPSQSPSSSNIKK
29,2016,Germany: Wuerzburg,A,ON1,KKDPKPQTTKPKEVLTTKPTGKPTINTTKTNIRTTLLTSNTKGNPEHTSQEETLHSTTSEGYLSPSQAYTTSGQEETLHSTTSEGYLSPSQVYTTSEYLSQSLSSSNTTK
30,2016,Germany: Wuerzburg,A,ON1,KKDPKPQTTKPKEVLTTKPTGKPTINTTKTNIRTTLLTSNTKGNPEHTSQEETLHSTTSEGHPSPSQVYTTSSQEETLHSTTSKGYPSPSQVHTTSEYPSQSPSSSNIKK
31,2016,Germany: Wuerzburg,A,ON1,KKDPKPQTTKPMEVLTTKPTGKPTINTTKTNIRTTLLTSNTKGNPEHTSQEETLHSTTSEGYLSPSQVYTTSGQEETLHSTTSEGYPSSSQVYTTSEYLSQSLSSSNTTKG
32,2016,Germany: Wuerzburg,A,ON1,KKDPKPQTTKPKEVLTTKPTRKPTINTTKTNIRTTLLTFNTKGNPEHTSQEETLHSTTSEGYLSPSQVYTTSGQEETLHSTTSEGYPSPSQVYTTSEYLSQSLSSSNTTK
33,2016,Germany: Wuerzburg,A,ON1,KKDPKPQTTKPKEVLTTKPTGKPTINTTKTNIRTTLLTSNTKGNPEHTSQEETLHSTTSEGYLSPSQVYTTSGQEETLHSTTSEGYLSPSQVYTTSEYLSQSLSSSNTTK
34,2016,Germany: Wuerzburg,A,ON1,KKDPKPQTTKPKEVLTTKPTGKLTINTTKTNIRTTLLTSNTKGNPEHTSQEETLHSTTSEGYLSPSQVYTTSGQEETLHSTTSEGHPSPSQVHTTSEYLSQSLSSSNKTK
35,2016,Germany: Wuerzburg,A,ON1,KKDPKPQTTKPKEALTTKPTGKPTINTTKTNIRTTLLTSNTKGNPEHTSQEEILHSTTSEGYPSPSQVHTTSGQEETLHSTTSEGYPSPSQVYTTSKYLSQSLSSSNTTK
36,2016,Germany: Wuerzburg,A,ON1,KKDPKPQTTKPKEVLTTKPTGKPTINTTKTNSRTTLLTSNTKRNPEHTSQKETLHSTTSEGYLSPSQVYTTSGQEETLHSTTSESYSSPSQVYTTSKYLSQSLSSSNTTK
37,2016,Germany: Wuerzburg,A,ON1,KKDPKPQTTKPKEVLTTKPTGKSTINTTKTNIRTTLLTSNTKGNPEHTSQEETLHSTTSEGYLSPSQVYTTSGQEETLHSTTSEGYLSPSQVYTTSEYLSQSLSSSNKTK
38,2016,Germany: Wuerzburg,A,ON1,KKDPKPQTTKPKDALTTKPTGKPTINTTKTNIRTTLLTSNTNGNPEHTSQEETLHSTTSEGYPSPSQVYTTSGQEETLHSTTSEGYPSPSQVHTTSEYLSQSLSSSNTTK
39,2016,Germany: Wuerzburg,A,ON1,KKDPKPQTTKPREVLTTKPTGKPTINTTKTNSRTTLLTSNNKGNPEHTSQKETFHSTTSEGYLSPSQVYTTSGQEETLHSTTSEGYPSPSQVYTTSEYLSQSLSSSNTTK
40,2016,Germany: Wuerzburg,A,ON1,KKDPKPQTTKPKEVLTTKPTGKPTINTTKTNIRTTLLTSNTKGNPEHTSQEETLHSTTSEGYPSPSQVHTTSSQEETLHSTTSKGYPSPSQVHTTSEYPSQSPSSSNIKK
41,2016,Germany: Wuerzburg,A,ON1,KKDPKPQTTKPKEVLTTKPTGKPTINTTKTNIRTTLLTSNTKGNLEHTSQEETLHSTTSEGYPGPSQVYTTSGQEETLHSTTSEGYPSPSQVHTTSEYLSQSLSSSNTTK
42,2016,Germany: Wuerzburg,A,ON1,KKDPKPQTTKPKEVLTTKPTGKPTINTTKTNIRTTLLTSNTKGNPEHTSQEETLHSTTSEGYLSPSQVYTTSSQEETLHSTTSKGYPSPSQVHTTSKYPSQSPSSSNIKK
43,2016,Germany: Wuerzburg,A,ON1,KKDPKPQTTKPKEVLTTKPTGKPTINTTKTNIRTTLLTSNTKGNPEHTSQEETLHSTTSEGYLSPSQVYTTSSQEETLHSTTSKGYPSPSQVHTTSEYPSQSPSSSNIKK
44,2016,Germany: Wuerzburg,A,ON1,KKDPKPQTTKPKEVLTTKPTRKPTINTTKTNSRTTLLTSNTKGNPEHTSQKETLHSTTSEGYPSPSQVYTTSGQEETPHSTTSEGYPSPSQVHTTSEYLSQSPSSSNTTK
45,2015,Germany: Wuerzburg,A,ON1,KKDPKPQTTKPKEVLTTKPTGKPTINTTKTNIRTTLITSNTKGNPEHTSQEETLHSTTSEGYPSPSQVYTTSGQEETLHSTTSEGYPSSSQAHTTSEYPSQSLSSSNIAK
46,2016,Germany: Wuerzburg,A,ON1,KKDPKPQTTKPKEVLTTKPTGKPTINTTKTNIRTTLITSNTKGNPEHTNQEETLHSTTSEGYPSPSQVYTTSGQEETLHSTTSKGYPSPSQAHTTSEYPSQSLYSSNIAK
47,2016,Germany: Wuerzburg,A,ON1,KKDPKPQTTKPKEVLTTKPTGKPTINTTKTNIRTTLLTSNTKGNPEHTSQKETLHSTTSEGYLSPSQVYTTSGQEETLHSTTSEGYPSPSQVYTTSEYLSQSLSSSNTTK
48,2016,Germany: Wuerzburg,A,ON1,KKDPKPQTTKPKEVLTTKPTGKPTINTTKTNSRTTLLTSNTKGNPEHTSQKETLHSTTSEGYLSPSQVYTTSGQEETLHSTTSEGYSSPSQVYTTSKYLSQSLSSSNTTK
49,2016,Germany: Wuerzburg,A,ON1,KKDPKPQTTKPKEVLTTKPTRKPTINTTKTNSRTTLLTSNTKGNPEHTSQKETLHSTTSEGYLSPSQVYTTSGQEETPHSTTSEGYPSPSQVYTTSEYLSQSLSSSNTTK
50,2016,Germany: Wuerzburg,A,ON1,KKDPKPQTTKPKEVLTTKPTGKPTINTTKTNSRTTLLTSNTKGNPEHTSQKETLHSTTSEGYLSPSQVYTTSGQEETLHSTTSEGYPSPSQVYTTSEYLSQSLSSSNTTK
51,2016,Germany: Wuerzburg,A,ON1,KKDPKPQTTKPKEVLTTKPTGKPTINTTKTNSRTTLLTSNTKGNPEHTSQKETLHSTTSEGYLSPSQVYTTSGQEETLHSTTSESYPSPSQVYTTSEYLSQSLSSSNTTK
52,2016,Germany: Wuerzburg,A,ON1,KKDPKPQTTKPKEVLTTKPTGKPTINTTKTNSRTTLITSNTKGNPEHTSQKETLHSTTSEGYLSPSQVYTTSGQEETLHSTTSEGYPSPSQVYTTSEYLSQSLSSSNTTK
53,2016,Germany: Wuerzburg,A,ON1,KKDPKPQTTKPKEVLTTKPTGKPTINTTKTNIRTTLLTSNTKGNPEHTSQKETLHSTTSEGYLSPSQVYTTSGQEETLHSTTSEGYLSPSQVYTTSEYLSQSLSSSNTTK
54,2016,Germany: Wuerzburg,A,ON1,KKDPKPQTTKPKEVLTTKPTGKPTINTTKTNIRTTLLTSNTKGNPEHTSQEETLHSTTSEGYPSPSQVYTTSGQEETLHSTTSEGYPSSSQVYTTSEYPSQSLSSSNTTK
55,2016,Germany: Wuerzburg,A,ON1,KKDPKPQTTKPKEVLTTKPTGKPTINTTKTNIRTTLLTSNTKGNLEHTSQEETLHSTTSEGYPGPSQVYTTSGQEETLHSTTSEGYPSPSQVHTTSEYLSQSLSSSNTTK
56,2016,Germany: Wuerzburg,A,ON1,KKDPNPQTTKPKEVLTTKPTGKPTINTTKTNIRTTLLTSNTKGNPEHTSQVETLHSTTSKGYLSPSQVYTTSGQEETLHSTTSEGYLSPSQVYTTSEYLSQSLSSSNTIK
57,2016,Germany: Wuerzburg,A,ON1,KKDPKPQTTKPKEVLTTKPTGKPTINTTKTNIRTTLLTSNTKGNPEHTSQEETLHSTTSEGYPSPSQVYTTSGQEETLHSTTSEGYLSSSQVYTTSEYPSQSLSSSNTTK
58,2016,Germany: Wuerzburg,A,ON1,KKDPKPQTTKPKEVLTTKPTGKPTINTTKTNSRTTLLTSNTKGNPEHTSQKETLHSTTSEGYLSPSQVYTTSGQEGTLHSTTSEGYPSPSQVYTTSEYLSQSLSSSNTTK
59,2016,Germany: Wuerzburg,A,ON1,KKDPKPQTTKPKEVLTTKPTGKPTINTTKTNIRTTLITSNTKGNPEHTSQEETLHSTTSEGYPSPSQVYTTSGQEETLHSTTSEGYPSPSQAHTTSEYPSQSLSSSNTTK
60,2016,Germany: Wuerzburg,A,ON1,KKDPKPQTTKPKEVLTTKPTGKPTINTTKTNSRTTLLTSNTKGNPEHTSQKETLHSTTSEGYLSPSQVYTTSGQEETLHSTTSEGYPSPSQVYTTSEYLSQSLSSSNTTK
61,2016,Germany: Wuerzburg,A,ON1,KKDPKPQTTKPKEVLTTKPTGKPTINTTKTNIRTTLLTSNTKGNPEHTSQEETLHSTTSEGYLSPSQVYTTSGQEETLHSTTSEGYLSPSQVYTTSEYLSQSLSSSNITK
62,2016,Germany: Wuerzburg,A,ON1,KKDPKPQTTKPKEVLTTKPTGKPTINTTKINIRTTLPISNTKGNPEHTSQKETLRSTTSEGYLSPSQVYTTSGQEETLHSTTSEGYLSPSQVYTTSEYLSQSLSSSNTTK
63,2016,Germany: Wuerzburg,A,ON1,KKDPKPQTTKPKEVLTTKPTGKPTINTTKTNSRTTLLTSNTKGNPEHTSQKETLHSTTSEGYLSPSQVYTTSGQEETLHSTTSEGYPSPSQVYTTSEYLSQSLSSSNTTK
64,2016,Germany: Wuerzburg,A,ON1,KKDPKPQTTKPKEVLTTKPTGKPTINTTKTNIRTTLLTSNTKGNPEHTSQEETLHSTTSEGYLSPSQVYTTSGQEETLHSTTSEGYLSPSQVYTTSEYLSQSLSSSNTTK
65,2016,Germany: Wuerzburg,A,ON1,KKDPKPQTTKPKEVLTTKLTGKPTINTTKTNIRTTLLTSNTKGNPKHTSQEETLHSTTSEGYLSPSQVYTTSSQEETLHSTTSKGYLSPSQVYTTSEYLSQSLSSSNTKK
66,2016,Germany: Wuerzburg,A,ON1,KKDPKPQTTKPKEVLTTKPTGKPTINTTKTNIRTTLLTSNTKGNPEHTSQEETLHSTTSEGYPSPSQVYTTSGQEETLHSTTSEGYLSSSQVYTTSEYPSQSLSSSNTTK
67,2015,Germany: Wuerzburg,A,ON1,KKDPKPQTTKPKEVLTTKPTGKPTINTTKTNIRTTLLTSNTKGNPEHTSQEEALHSTTSEGYPRPSQVYTTSGQEETLHSTTSEGYPSPSQVHTTSEYLSQSLSSSNTTK
68,2015,Germany: Wuerzburg,A,ON1,KKDPKPQTTKPKEVLTTKPTGKPTINTTKTNSRTTLLTSNTKGNPEHTSQKETLHSTTSEGXXSPSQVYTTSGQEETLHSTTSEGYPSPSQVYTTSEYLSQSLSSSNTTK
69,2015,Germany: Wuerzburg,A,ON1,KKDPKPQTTKPKEVLTTKPTGKPTINATKTNIRTTLLTSNTKGNPEHTSQEETLHSTTSEGYPSPSQVYTTSGQEETLHSTTSEGYPSPSQVHTTSEYPSQSLSSSNTTK
70,2015,Germany: Wuerzburg,A,ON1,KKDPKPQTTKPKEVLTTKPTGKPTINTTKTNIRTTLLTSNTKGNPEHTSQEETLHSTTSEGYPSPSQVYTTSGQEETLHSTTSEGYLSSSQVYTTSEYPSQSLSSSNTTK
71,2015,Germany: Wuerzburg,A,ON1,KKDPKPQTTKPKEVLTTKPTGKPTINTTKTNIRTTLLTSNTKRNPEHKSQKETLHSTTSEGYLSPSQVYTTSGQEETLHSTTSEGYLSPSQVYTTSEYLSQSLSSSNTTK
72,2015,Germany: Wuerzburg,A,ON1,KKDPKPQPTKPKEVLTTKPTGKPTINTTKTNIRTTLLTSNTKGNPEHTSQEETLHSTTSEGYLSPSQVYTTSGQEETLHSTTSEGYPSPSQVYTTSEYPSQSLFSSNTIK
73,2015,Germany: Wuerzburg,A,ON1,KKDPKPQTTKPKEVLTTKPTGKPTINTTKTNIRTTLLTPNTKGNPEHTSQEETLNSTTSEGYLSPSQVYTTSGQEETLHSTTSEGYLSPSQVYTTSEYLSQSLPSSNTIK
74,2015,Germany: Wuerzburg,A,ON1,KKDPKPQTTKPKEVLTTKPTGKPTINTTKTNSRTTQLTSNTKGNPEHTSQKETLHSTTSEGYLSPSQVYTTSGQEETLHSTTSEGYPSPSQVYATSEYLSQSLSSSNTTK
75,2015,Germany: Wuerzburg,A,ON1,KKDPKPQTTKPKEVLTTKPTGKPTINTTKTNIRTTLLTSNTKGNPEHKSQKETLHSTTSEGYLSPSQVYTTSGQEETLHSTTSEGYLSPSQVYTTSEYLSQSLSSSNTTK
76,2015,Germany: Wuerzburg,A,ON1,KKDPNPQTTKPKEVLTTKPTGKPTINTTKTNIRTTLLTSNTKGNPEHTSQEETLHSTTSKGYLSPSQVYTTSGQEETLHSTTSEGYLSSSQIYTTSEYLSQSLSSSNTTK
77,2015,Germany: Wuerzburg,A,ON1,KKDPKPQTTKPKEVLTTKPTGKPTINTTKTNIRTTLLTSNTKGNPEHTSQEETLHSTTSEGYLSPSQVYTTSGQEETLHSTTSEGYLSPSQVYTTSEYLSQSLSSSNATK
78,2015,Germany: Wuerzburg,A,ON1,KKDPKPQTTKPKEVLTTKPTGKPTINATKTNIRTTLLTSNTKGNPEHTSQEETLHSTTSEGYPSPSQVYTTSGQEETLHSTTSEGYPSPSQVHTTSEYPSQSLSSSNTTR
79,2015,Germany: Wuerzburg,A,ON1,KKDPKPQTTKPKEVLTTKPTGKPTINTTKTNIRTTLLTSNTKGNLEHTSQEETLHSTTSEGYLSPSQVYTTSGQEETLHSTTSEGYLSPSQVYTTSEYLSQSLSSSNTTK
80,2015,Germany: Wuerzburg,A,ON1,KKDPKPQTTKPKEVLTTKPTGKPTINTTKTNIRTTLLTSNTKGNPEHTSQEETLHSTTSEGYPSPSQVYTTSGQEETLHSTTSEGYLSPSQVYTTSEYLSQSLSSSNETK
81,2015,Germany: Wuerzburg,A,ON1,KKDPKPQTTXPKEVLTTKPTGKPTINATKTNIRTTLLTSNTKGNPEHTSQEETLHSTTSEGYPSPSQVYTTSGQEETLHSTTSEGYPSPSQVHTTSEYPSQSLSSSNTTK
82,2015,Germany: Wuerzburg,A,ON1,KKDPKPQTTKPKEVLTTKPTGKPTINTTKTNIRTTLITSNTKGNPEHTSQEETLHSTTSEGYPSPSQVYTTSGQEETLHSTTSEGYPSPSQAHTTSEYPSQSLSSSNTAK
83,2015,Germany: Wuerzburg,A,ON1,KKDPNPQITKPKEVLTTKPTGKPTINTTKTNIRTTLLTSNTKGNPEHTSQEETLHSTTSKGYLSPSQVYTTSGQEETLHSTTSEGYLSPSQIYTTSEYLSQSLSSSNTTK
84,2015,Germany: Wuerzburg,A,ON1,KKDPKPQTTKPKEVLTTKPTGKPTINTTKTNIRTTLLTSNTKGNPEHTSQEETLHSTTSEGYLSPSQVYTTSGQEETLHSTTSEGYLSPSQVYTTSEYLSQSLSSSNTTK
85,2015,Germany: Wuerzburg,A,ON1,KKDPKPQTTKPKEVFTTKPTGKPTINTTKTNIRTTLLTSNTKGNPEHTSQEETLHSTTSEGYLSPSQVYTTSGQEETLHSTTSEGYLSPSQVYTTSEYLSQSLSSSNTTK
86,2015,Germany: Wuerzburg,A,ON1,KKDPKPQTTKPKEVLTTKPTGKPTINTTKTNSRTTLLTSNTKGNPEHTSQKETLHSTTSEGYLSPSQVYTTSGQEETLHSTTSEGYPSPSQVYTTSEYLSQSLSSSNTTK
87,2015,Germany: Wuerzburg,A,ON1,KKDPNPQTTKPKEVLTTKPTGKPTINITKTNIRTTLLTSNTKGNPEHTSQEETLHSTTSKGYLSPSQVYTTSGQEETLHSTTSEGYLSPSQIYTTSEYLSQSLSSSNTTK
88,2015,Germany: Wuerzburg,A,ON1,KKDPKPQTTKPKEALTTKPTGKPTINTTKTNIRTTLLTSNTKGNPEHTSQNETLHSTTSEGHLSPSQVHTTSGQEETLHSTTSESYLSPSQVYTTSEYLSQSLSSSNTTK
89,2015,Germany: Wuerzburg,A,ON1,KKDPKPQTTKPKEVLTTKPTGKPTINTTKTNSRTTLLTSNTKGNPEHTSQKETLHSTTSEGYPSPSQVYTTSGQEETLHSTTSEGYPSPSQVYTTSEYLSQSLSSSNTTK
90,2015,Germany: Wuerzburg,A,ON1,KKDPKPQTTKPKEVLTTKPTGKPTINTTKTNIRTTLITSNTKGNPEHTSQEETLHSTTSEGYPSPSQVYTTSGQEETLHSTTSEGYPSPSQAHTTSEYPSQSLSSSNIAK
91,2015,Germany: Wuerzburg,A,ON1,KKDPKPQTTKPKKVLTTKPTGKPTINTTKTNIRTTLLTSNTKGNPEHTSQEDTLHSTTSEGYPSPSQVYTTSGQEETLHSTTSEGYPSPSQVHTTSEYLSQSLSSSNTTK
92,2015,Germany: Wuerzburg,A,ON1,KKDPKPQTTKPKEVLTTKPTGKPTINTTKTNIRTTLLTPNTKGNPEHTSQEETLHSTTSEGYLSPSQVYTTSGQEETLHSTTSEGYLSPSQVYTTSEYLSQSLPSSNTIK
93,2015,Germany: Wuerzburg,A,ON1,KKDPKPQTTKPKEVLTTKPTGKPTINTTKTNTRTTLLTSNTKGNPEHTSQEETLHSTTSEGYLSPSQVYTTSGQEETLHSTTSEGYLSPSQVYTTSEYLSQSLSSSNTTK
94,2015,Germany: Wuerzburg,A,ON1,KKDPKPQTTKPKEVLTTKPTGKPTINATKTNIRTTLLTSNTKGNPEHTSQEETLHSTTSEGYLSPSQVYTTSGQEETLHSTTSEGYPSPSQVHTTSEYPSQSLSSSNTTK
95,2015,Germany: Wuerzburg,A,ON1,KKDPKPQTTKPKEVLTTKPTGKPTINTTKTNIRTTLLTSNTKGNPEHTSQEETLHSTTSEGYLSPSQVYTTSGQEETLHSTTSEGYLSPSQVYTTSEYLSQSLSSSNATK
96,2015,Germany: Wuerzburg,A,ON1,KKDPKPQTTKPKEVLTTKPTGRPTINTTKTNIRTTLFTSNTKGNPEHTSQEETLHSTTSEGYLSPSQVYTTSGQEETLHSTTSEGYLSSSQVYTTSEYLSQSLSSSNTAK
97,2015,Germany: Wuerzburg,A,ON1,KKDPKPQTTKPKEVLTTKPTGKPTINTTKTNIRTTLLTSNTKGNPEHTSQEETLHSTTSKGYLSPSQVYTTSGQEETLHSTTSEGYLSPSQVYTTSEYLSQSLSSSNTTK
98,2015,Germany: Wuerzburg,A,ON1,KKDPKPQTTKPKEVLTTKPTGKPTINTTKTNSRTTLLTSNTKGNPEHTSQKETLHSTTFEGYLSPSQVYTTSGQEETLHSTTSEGYPSPSQVYTTSEYLSQSLSSSNTTK
99,2015,Germany: Wuerzburg,A,ON1,KKDPKPQTTKPKEVLTTKPTGKPTINTTKTNSRTTLLTSNTKGNPEHTSQKETLHSTTSEGYLSPSQVYTTSGQEETLHSTTSEGYPSPSQVYTTSEYLSQSLSSSNTTK
100,2015,Germany: Wuerzburg,A,ON1,KKDPKPQTTKPKEVLTTKPTRKPTINTTKTNIRTTLLTSNTKGNPEHTSQEETLHSTTSEGYLSPSQVYTTSGQEETLHSTTSEGYLSPSQVYTTSEYLSQSLSSSNTTK
101,2015,Germany: Wuerzburg,A,ON1,KKDPNPQTTKPKEVLTTKPTGKPTINTTKTNIRTTLLTSNTKGNPEHTSQEETLHSTTSKGYLSPSQVYTTSGQEETLHSTTSEGYLSPSQIYTTSEYLSQSLSSSNTTK
102,2015,Germany: Wuerzburg,A,ON1,KKDPNPQTTKPKEVLTTKPTGKPTINTTKTNIRTTLLTSNTKGNPEHTSQEETLHSTTSKGYLSPSQVYTTSGQEETLHSTTSEGYLSPSQIYTTSEYLSQSLSSSNTTK
103,2015,Germany: Wuerzburg,A,ON1,KKDPKPQTTKPKEVLTTKPTGKPTINTTKTNIRTTLLTSNTKGNPEHTSQEATLHPTTSEGYPSPSQVYTTSGQEETLHSTTSEGYLSPSQVYTTSEYLSQSPSSSNTTK
104,2015,Germany: Wuerzburg,A,ON1,KKDPKPQTTKPKEVLTTKPTGKPTINTTKTNIRTTLLTSNTKGNPEHTSQEETLHSTTSKGYPSPSQVYTTSGQEETLHSTTSEGYLSPSQVYTTSEYLSQSLSSSNETK
105,2014,Germany: Wuerzburg,A,ON1,KKDPNPQTTKPKEVLTTKPTGKPTINTTKTNIRTTLLTSNTKGNPEHTSQEETLHSTTSKGYLSPSQVYTTSGQEETLHSTTSEGYLSPSQIYTTSEYLSQSLSSSNTTK
106,2014,Germany: Wuerzburg,A,ON1,KKDPKPQTTKPKEVLTTKPTGKPTINTTKTNTRTTLLTSNTKGNPEHTSQEETLHSTTSEGYLSPSQVYTTSGQEETLHSTTSEGYLSPSQVYTTSEYLSQSLSSSNTTK
107,2014,Germany: Wuerzburg,A,ON1,KKDPNPQTTKPKGVLTTKPTGKPTINTTKTNIRTTLLTSNTKGNPEHTSQEETLHSTTSKGYLSPSQVYTTSGQEETLHSTTSEGYLSPSQIYTTSEYLSQSLSSSNTTK
108,2014,Germany: Wuerzburg,A,ON1,KKDPKPQTTKPKEVLTTKPTRKPTINTTKTNIRTTLLTSNTKGNPEHTSQEETLHSTTSEGYLSPSQVYTTSGQEETLHSTTSEGYLSPSQVYTTSEYLSQSLSSSNTTK
109,2014,Germany: Wuerzburg,A,ON1,KKDPKPQTTKPKEVLTTKPTGKPTINTTKTNIRTTLITSNTKGNPEHTSQEETLHSTTSEGYPSPSQVYTTSGQEETLHSTTSEGYPSPSQAHTTSEYPSQSLSSSNIAK
110,2014,Germany: Wuerzburg,A,ON1,KKDPKPQTTKPKEVFTTKPTGKPTINTTKTNIRTTLLTSNTKGNPEHTSQEETLHSTTSEGYLSPSQVYTTSGQEETLHSTTSEGYLSPSQVYTTSEYLSQSLSSSNTTK
111,2014,Germany: Wuerzburg,A,ON1,KKDPNPQTTKPKEVLTTKPTGKPTINTTKTNIRTTLLTSNTKGNPEHTSQEETLHSTTSKGYLSPSQVYTTSGQEETLHSTTSEGYLSSSQIYTTSEYLSQSLSSSNTTK
112,2014,Germany: Wuerzburg,A,ON1,KKDPKPQTTKPKEVLTTKPTGKPTINTTKTNIRTTLITSNTKGNLEHTSQEETLHSTTSEGYPSPSQVYTTSGQEETLHSTTSEGYPSPSQAHTTSEYPSQSLSSSNTTK
113,2014,Germany: Wuerzburg,A,ON1,KKDPNPQTTKPKEVLTTKPTGKPTINTTKTNIRTTLLTSNTKGNPEHTSQEETLHSTTSKGYLSPSQVYTTSGQEETLHSTTSEGYLSPSQIYTTSEYLSQSLSSSNTTK
114,2014,Germany: Wuerzburg,A,ON1,KKDPKPQTTKPKEVLTTKPTGKPTINTTKTNSRTTLLTSNTKGNPEHTSQKETLHSTTSEGYLSPSQVYTTSGQEETLHSTTSEGYPSPSQVYTTSEYPSQSLSSSNTTK
115,2014,Germany: Wuerzburg,A,ON1,KKDPKPQTTKPKELLTTKPKGKPTINTTKTNIRTTLLTSNTKGNPEHTSQEETLHSTTSEGYPSPSQVHTTSGQEETLHSTTSEGYPSPSQVHTTSEYLSQSLSSSNTTK
116,2014,Germany: Wuerzburg,A,ON1,KKDPKPQTTKPKEVLTTKPTGKPTINTTKTNIRTTLLTSNTKGNPEQTSQEETLHSTTSEGYLSPSQVYTTSGQEETLHSTTSEGYLSPSQVYTTSEYLSQSLSSSNTTK
117,2014,Germany: Wuerzburg,A,ON1,KKDPKPQTTKPKEVLTTKPTGKPTINTTKTNIRTTLLTSNTKGNPEHTSQEGTFHSTTSEGYPSPSQVYTTSGQEETLHSTTSEGYPSPSQVHTTSEYLSQSLSSSNTTK
118,2014,Germany: Wuerzburg,A,ON1,KKDPKPQTTKPKEVLTTKPTGKPTINTTKTNIRTTLLTSNTKGNPEHTSQEETLHSTTSEGYPSPSQVYTTSGQEETLHSTTSEGYPSPSQVHTTSEHLSQSLSSSNTTK
119,2014,Germany: Wuerzburg,A,ON1,KKDPKPQTTKPKEVLTTKPTGKPTINTTKTNIRTTLLTSNTKGNPEHTSQEETLHSTTSEGYPSPSQVYTTSGQEETLHSTTSEGYLSPSQVYTTSEYLSQSLSSSNATK
120,2014,Germany: Wuerzburg,A,ON1,KKDPKPQTTKPKEVLTTKPTGKPTINTTKTNIRTTLLTSNTKGNPEHTSQEETLHSTTSEGYPSPSQVYTTSGQEETLHSTTSEGYLSPSQVYTTSEYLSQSLSSSNTTK
121,2014,Germany: Wuerzburg,A,ON1,KKDPKPQTTKPKELLTTKPKGKPTINTTKTNIRTTLLTSNTKGNPEHTSQEETLHSTTSEGYPSPSQVHTTSGQEETLHSTTSEGYPSPSQVHTTSEYLSQSLSSSNTTK
122,2014,Germany: Wuerzburg,A,ON1,KKDPKPQTTKPKEVLTTKPTGKPTINATKTNIRTTPLTSNTKGNPEHTSQEETLHSTTSEGYPSPSQVYTTSGQEEALHSTTSEGYPSPSQVHTTSEYPSQSLSSSNTTK
123,2014,Germany: Wuerzburg,A,ON1,KKDPKPQTKKPKEVLTTKPTGKPTINTTKTNIRTTLLTSNTKGNPEHTSQEETLHSTTSEGYLSPSQVYTTSGQEETLHSTTSEGYLSPSQVYTTSEYLSQSLSSSNTTK
124,2014,Germany: Wuerzburg,A,ON1,KKDPKPQTTKPKEVLTTKPTGKPTINTTKTNIRTTLLTSNTKGNPEHTSQEETLHSTTSKGYLSPSQVYTTSGQEETLHSTTSEGYLSPSQVYTTSEYLSQSLSSSNTTK
125,2014,Germany: Wuerzburg,A,ON1,KKDPKPQTTKPKEVLTTKPTGKPTINITKTNIRTTLLTSNTKGNPEHTSQEETLHSTTSEGYPSPSQVYTTSGQEETLHSTTSEGYPSPSQVHTTSKYLSQSLSSSNTTK
126,2014,Germany: Wuerzburg,A,ON1,KKDPKPQTTKPKEVLTTKPTGKPTINTTKTNIRTTLLTSNTKGNPEHTSQEETLHSTTSEGYLSPSQVYTTSGQEETLHSTTSEGYLSPSQVYTTSEYLSQSLSSSNTTK
127,2014,Germany: Wuerzburg,A,ON1,KKDPKPQTTKPKEVLTTKPTGKPTINTTKTNIRTTLLTSNTKGNPEHTSQEETLHSTTSEGYLSPSQVYTTSGQEETLHSTTSEGYLSPSQVYTTSEYLSQSLSSSNTTK
128,2014,Germany: Wuerzburg,A,ON1,KKDPKPQTTKPREVLTTKPTGKPTINTTKTNIRTTLLTSNTKGNPEHTSQEETLHSTTSEGYLSPSQVYTTSGQEKTLHSTTSEGYLSPSQVYTTSEYLSQSLSSSNTTK
129,2014,Germany: Wuerzburg,A,ON1,KKDPKPQTTKPKEVLTTKPTGKPTINTTKTNIRTTLLTSNTKGNPEHTSQEETLHSTTSEGHPSPSQVYTTSGQEETLHSTTSEGYPSPSQVHTTSEYLSQSLSSSNTTK
130,2014,Germany: Wuerzburg,A,ON1,KKDPKPQTTKPKEVLTTKPTRKPTINTTKTNIRTTLLTSNTKGNPEHTSQEETLHSTTSEGYLSPSQVYTTSGQEETLHSTTSEGYLSPSQVYTTSEYLSQSLSSSNTTK
131,2014,Germany: Wuerzburg,A,ON1,KKDPKPQTTKPKEVLTTKPTGKPTINTTKTNIRTTLLTSNTKGNPEHTSQEETLHSTTSEGYPGPSQVYTTSGQEETLHSTTSEGYPSPSQVHTISEYLSQSLSSSNTTK
132,2014,Germany: Wuerzburg,A,ON1,KKDPKPQTTKPKEVLTTKPTGKPTINTTKTNIRTTLLTSNTKENPEHTSQKETLHSTTSEGHPSPSQVYTTSGQEETLHSTTSEGHPSPXQVYTTSEYLSQSLSSSNTTK
133,2014,Germany: Wuerzburg,A,ON1,KKDPKPQTTKPKEVLTTKPTGKPTINTTKTNIRTTLLTSNTKENPEHTSQEETLHSTTSEGYLSPSQVYTTSGQEETLHSTTSEGYLSPSQVYTTSEYLSQSLSSSNTTK
134,2014,Germany: Wuerzburg,A,ON1,KKDPKPQTTKPKELLTTKPTGKPTINTTKTNIRTTLLTFNTKGNPEHTSQEETLHSTTSEGYPSPSQVYTTSGQEETLHSTTSEGYPSPSQVHTTSEYLSQSLSSSNTTK
135,2014,Germany: Wuerzburg,A,ON1,KKDPKPQTTKPKEVLTTKPTGKPTINTTKTNIRTTLLTSNTKGNPEHTSQEETLHSTTSEGYPSPSQVYTTSGQEETLHSTTSEGYPSPSQVHTTSEYLSQSLSSSNTTK
136,2014,Germany: Wuerzburg,A,ON1,KKDPKPQTTKPKEVLTTKPTGKPTINITKTNIRTTLLTSNTKGNPEHTSQEETLHSTTSEGYPSPSQVYTTSGQEETLHSTTSEGYPSPSQVHTTSKYLSQSLSSSNTTK
137,2014,Germany: Wuerzburg,A,ON1,KKDPKPQTTKPKEVLTTKPTGKPTINITKTNIRTTLLTSNTKGNPEHTSQEKTLHSTTSEGYPSPSQVYTTSGQEETLHSTTSEGYPSPSQVHTTSKYLSQSLSSSNTTK
138,2014,Germany: Wuerzburg,A,ON1,KKDPKPQTTKPKEVLTTKPTGKPTINTTKTNIRTTLLTSNTKGNPEHTSQEETLHSTTSEGYPSPSQVYTTFGQEETLHSTTSEGYPSPSQVHTTSEYPSQSLSSSNTTK
139,2014,Germany: Wuerzburg,A,ON1,KKDPKPQTTKPKEVLTTKPTGKPTINTTKTNIRTTLLTSNTKGNPEHTSQEETLHSTTSEGYLSPSQVYTTSGQEETLHSTTSEGYLSPSQVYTTSEYLSQSLSSSNTTK
140,2014,Germany: Wuerzburg,A,ON1,KKDPKPQTTKPKEVLTTKPTGKPTINTTKTNSRTTLLTSNTKGNPEHTSQKETLHSTTSEGYLSPSQVYTTSGQEETLHSTTSEGYPSPSQVYTTSEYLSQSLSSSNTTK
141,2014,Germany: Wuerzburg,A,ON1,KKDPKPQTTKPKEVLTTKPTGKPTINTTKTNIRTTLLTSNTKGNPEHTSQEETLHSTTSEGYLSPSQVYTTSGQEKTLHSTTSEGYLSPSQVYTTSEYLSQSLSSSNTTK
142,2014,Germany: Wuerzburg,A,ON1,KKDPKPQTTKPKEVLTTKPTGKPTINITKTNIRTTLLTSNTKGNPEHTSQEETLHSTTSEGYPSPSQVYTTSGQEETLHSTTSEGYPSPSQVHTTSKYLSQSLSSSNTTK
143,2013,Germany: Wuerzburg,A,ON1,KKDPKPQTTKPKEVLTTKPTGKPNINTTKTNIRTTLLTSNTKGNPEHTSQEETLHSTTSEGYPSPSQVYTTSGQEETLHSTTSEGYPSPSQVHITSEYLSQSLSSSNTTK
144,2013,Germany: Wuerzburg,A,ON1,KKDPKPQTTKPKEVLTTKPTGKPTINTTKTNIRTTLLTSNTKGNPEHTSQEETLHSTTSEGYPSPSQVYTTSGQEETLHSTTSEGYPSPSQVHTTSEYLSQSLSSSNTTK
145,2013,Germany: Wuerzburg,A,ON1,KKDPKPQTTKPKEVLTTKPTGKPTINTTKTNIRTTLLTSNTKGNLEHTSQEETLHSTTSEGYPSPSQVYTTSGQEETLHSTTSEGYPSPSQVHTTSEYLSQSLSSSNTTK
146,2013,Germany: Wuerzburg,A,ON1,KKDPKPQTTKPKEVLTTKPTGKPTINTTKTNIRTTLLTSNTKGNPEHTSQEETLHSTTSEGYPSPSQVYTTSGQEETLNSTTSEGYPSPSQVHTTSEYLSQSLSSSNTTK
147,2013,Germany: Wuerzburg,A,ON1,KKDPKPQTTKPKEVLTTKPTGKPTINTTKTNIRTTLLTSNNKGNPEHTSQEETLHSTTSEGYPSPSQVYTTSGQEETLHSTTSEGYPSPSQVHTTSEYLSQSLSSSNTTK
148,2013,Germany: Wuerzburg,A,ON1,KKDPKPQTTKPKEVLTTKPTGKPTINTTKTNIRTTLLTSNTKGNPEHTSQEETLHSTTSEGYLSPSQVYTTSGQEETLHSTTSEGYLSPSQVYTTSEYLSQSLSSSNTTK
149,2013,Germany: Wuerzburg,A,ON1,KKDPKPQTTKPKEVLTTKPTGKPTINTTKTNIRTTLLTSNTKGNPEHTSQEETLHSTTSEGYLSPSQVYTTSGQEETLHSTTSEGYLSPSQVYTTSEYLSQSLSSSNTTK
150,2013,Germany: Wuerzburg,A,ON1,KKDPKPQTTKPKEVLTTKPTGKPTVNTTKTNIRTTLLTSNTKGNPEHTSQEETLHSTTSEGYLSPSQVYTTSGQEETLHSTTSEGYLSPSQVYTTSEYLSQSLSSSNTTK
151,2013,Germany: Wuerzburg,A,ON1,KKDPKPQTTKPKEVLTTKPTGKPTINTTKTNIRTTLLTPNTKGNPEHTSQEETLHSTTSEGYPSPSQVYTTSGQEETLHSTTSEGYPSPSQVHITSEYLSQSLSSSNTTK
152,2013,Germany: Wuerzburg,A,ON1,KKDPKPQTTKPKEVLTTKPTGKPTINTTKTNIRTTLLTSNTKGNPEHTSQEETLHSTTSEGYPSPSQVYTTSGQEETLHSTTPEGYPSPSQVHTTSEYLSQSLSSSNTTK
153,2013,Germany: Wuerzburg,A,ON1,KKDPKPQTTKPKEVLTTKPTGKPTINTTKTNIRTTLLTSNTKGNPEHTSQEETLHSTTSEGYPSPSQVYTTSGQEETLHSTTSKGYLSPSQVYTTSEYLSQSLSSSNTTK
154,2013,Germany: Wuerzburg,A,ON1,KKDPKPQTTKPKEVLTTKPTGKPTINTTKTNIRTTLLTSNTKGNPEHTSQEETLHSTTSEGYLSPSQVYTTSGQEETLHSTTSEGYLSPSQVYTTSEYLSQSLSSSNTTK
155,2013,Germany: Wuerzburg,A,ON1,KKDPKPQTTNPKEVLTTKPTGKPTINTTKTNIRTTLLTSNTKGNPEHTSQEETLHSTTSEGYPSPSQIYTTSGQEETLHSTTSEGYPSPSQVHTTSEYLSQSLSSSNTTK
156,2013,Germany: Wuerzburg,A,ON1,KKDPKPQTTKPKEVLTTKPTGKPTINTTKTNIRTTLLTSNTKGNPEHTSQEETLHSTTSEGYLSPSQVYTTSGQEETLHSTTSKGYLSPSQVYTTSEYLSQSLSSSNTTK
157,2013,Germany: Wuerzburg,A,ON1,KKDPKPQTTKPKEVLTTKPTGKPTINTTKTNIRTTLLTSNTKGNPEHTSQEETLHSTTSEGYPSPSQVYTTSGQEETLHSTTSEGYPSPSQVHITSEYLSQSLSSSNTTK
158,2013,Germany: Wuerzburg,A,ON1,KKDPKPQTTKPKEVLTTKPTGKPTINTTKTNIRTTLLTSNTKGNPEHTSQEETLHSTTSEGYLSPSQVYTTSGQEETLHSTTSKGYLSPSQVYTTSEYLSQSLSSSNTTK
159,2013,Germany: Wuerzburg,A,ON1,KKDPKPQTTKPKEVLTTKPTGKPTINTTKTNIRTTLLTSNTKGNPKHTSQEETLHSTTSEGYPSPSQVYTTSGQEETLHSTTSEGYPSPSQVHTTSEYPSQSLSSSNTTK
160,2013,Germany: Wuerzburg,A,ON1,KKDPKPQTTKPKEVLTTKPTGKPTINTXKTNIRTTLLTSNTKGNPEHTSQEETLHSTTSEGYPSPSQVYTTSGQEETLHSTTSEGYPSPSQXHTTSEYPSQSLSSSNTTK
161,2013,Germany: Wuerzburg,A,ON1,KKDPKPQTTKPKEVLTTKPTGKPTINTTKTNIRTTLLTSNTKGNPEHTSQEETLHSTTSEGYLSPSQVYTTSGQEETLHSTTSEGYLSPSQVYTTSEYLSQSLSSSNTTK
162,2013,Germany: Wuerzburg,A,ON1,KKDPKPQTTKPKEVLTTKPTGKPTINTTKTNIRTTLLTSNTKGNPEHTSQEETLHSTTSEGYPSPSQVYTTSGQEETLHSTTSEGYPSPSQVHTTSEYPSQSLSSSNTTK
163,2013,Germany: Wuerzburg,A,ON1,XKDPKPQTTKPKEVLTTKPTGKPTINTTKTNIRTTLLTSNTKGNPEHTSQEETLHSTTSEGYPSPSQVYTTSGQEETLHSTTSXGXPSPSQXHTTSESLSQSLSLSNTTK
164,2013,Germany: Wuerzburg,A,ON1,KKDPKTQTTKPKEVLTTKPTGKPTINTTKTNIRTTLLTSNTKGNPGHTSQEETLHSTTSEGYPSPSQVYTTSDQEETPHSTTSEGYPSPSQVHTTSEYLSQSLSSSNTTK
165,2013,Germany: Wuerzburg,A,ON1,KKDPKPQTTKPKEVLTTKPTGKPTINTTKTNIRTTLLTSNTKGNPEHTSQEETLHSTTSEGYLSPSQVYTTSGQEETLHSTTSEGYLSPSQVYTTSEYLSQSLSSSNTTK
166,2013,Germany: Wuerzburg,A,ON1,KKDPKPQTTKPKEVLTTKPTGKPTINTTKTNIRTTLLTSNTKGNPGHTSQEETLHSTTSEGYPSPSQVYTTSGQEETPHSTTSEGYPSPSQVHTTSEYLSQSLSSSNTTK
167,2013,Germany: Wuerzburg,A,ON1,KKDPKPQTTKPKEVLTTKPTGKPTINTTKTNIRTTLLTSNTKGNPEHTSQEETLHSTTSEGYPSPSQVYTTSGQEETLHSTTSEGYPSPSQVHTTSEYPSQSLSSSNTTK
168,2013,Germany: Wuerzburg,A,ON1,KKDPKPQTTKPKEVLTTKPTGKPTINTTKTNIRTTLLTSNTKGNPEHTSQEETLHSTTSEGYPSPSQVYTTFGQEETLHSTTSEGYPSPSQVHTTSEYPSQSLSSSNTTK
169,2013,Germany: Wuerzburg,A,ON1,KKDPKPQTTKPREVLTTKPTGKPTINTTKTDIRTTLLTSNTKGNPEHTSQEETLHSTTSEGYLSPSQVYTTSGQEETLHSTTSEGYLSPSQVYTTSEYLSQSLSSSNTTK
170,2013,Germany: Wuerzburg,A,ON1,KKDPKPQTTKPKEVLTTKPTGKPTINTTKTNIRTTLLTSNTKGNPEHTSQEETLHSTTSEGYPSPSQVYTTSGQEETLHSTTSEGYPSPSQVHTTSEYLSQSLSSSNTTK
171,2013,Germany: Wuerzburg,A,ON1,KKDPKPQTTKPKEVLTIKPTGKPTINTTKTNIRTTLLTSNTKGNPEHTSQEETLHSTTSEGYLSPSQVYTTSGQEETLHSTTSEGYLSPSQVYTTSEYLSQSLSSSNTTK
172,2013,Germany: Wuerzburg,A,ON1,KKDPKPQTTKPKEVLTTKPTGKPTINTXKTNIRTTLLTSNTKGNXEHTSQEETLHSTTSEGYPSPSQVYTTSGQEETLHSTTSEGYPSPSQXHTTSEYXSQSLSSSNTTK
173,2013,Germany: Wuerzburg,A,ON1,KKDPKPQTTKPKEVLTTKPTGKPTINTTKTNIRTTLLTSNTKGNPEHTNQEETLHSTTSEGYPSPSQVYTTSGQEETLHSTTSEGYPSPSQVHTTSEYLSQSLSSSNTTK
174,2013,Germany: Wuerzburg,A,ON1,KKDPKPQTTKPKEVLTTKPTGKPTINTTKTNIRTTLLTSNTKGNPEHTSQEETLHSTTSEGYPSPSQVYTTSGQEETLHSTTSEGYLSPSQVYTTSEYLSQSLSSSNTTK
175,2013,Germany: Wuerzburg,A,ON1,KKDPKPQTTKPKEVLTTKPTGKPTINTTKTNIRTTLLTSNTKGNPEHTSQEETLHSTTSEGYLSPSQVYTTSGQEETPHSTTSEGYLSPSQVYTTSEYLSQSLSSSNTTK
176,2013,Germany: Wuerzburg,A,ON1,KKDPKPQTTKPKEVLTTKPTGKPTINTTKTNIRTTLLTSNTKGNPEHTSQEETLHSTTSEGYPSPSQVYTTSGQEETLHSTTSEGYPSPSQVHTTSEYLSQSLSSSNTTK
177,2013,Germany: Wuerzburg,A,ON1,KKDPKPQTTKPKEVLTTKPTGKPTINTTKTNIRTTLLTSNTKGNPEHTSQEETLHSTTSEGYPSPSQVYTTSGQEETLHSTTSEGYPSPSQVHTTSEYPSQSLSSSNTTK
178,2013,Germany: Wuerzburg,A,ON1,KKDPKPQTTKPKEVLTTKPTGKPTINTTKTNIRTTLLTSNTKGNPEHTSQEETLHSTISEGYLSPSQVYTTSGQEETLHSTTSEGYLSPSQVYTTSEYLSQSLSSSNTTK
179,2013,Germany: Wuerzburg,A,ON1,KKDPKPQTTKPKEVLTTKPTGKPTINTTKTNIRTTLLTSSTKGNPEHTSQEETLHSTTSEGYPSPSQVYTTSGQEETLHSTTSEGYPSPSQVHTTSEYLSQSLSSSNTTK
180,2013,Germany: Wuerzburg,A,ON1,KKDPKPQTTKPKEVLTTKPTGKPTINTTKTNIRTTLLTSNTKGNPEHTSQEETLHSTTSEGYPSPSQVYTTSGQEETLHSTTSEGYPSPSQVHTTSEYLSQSLSSFNTTK
181,2013,Germany: Wuerzburg,A,ON1,KKDPKPQTTKPKEVLTTKPTGKPTINTTKTNIRTTLLTSNTKGNPEHTSQEETLHSTTSEGYLSPSQVYTTSGQEETLHSTTSEGYLSPSQVYTTSEYLSQSLSSSNTTK
182,2013,Germany: Wuerzburg,A,ON1,KKDPKPQTTKPKEALTTKPTGKPTINTTKTNIRTTLLTSNTKGGPGHTSPEETLHSTTSEGHPSPSQVYTTSGQEETLHSTTSEGYLSPSQAYTTSEYLSQSLSSSNTTK
183,2013,Germany: Wuerzburg,A,ON1,KKDPKPQTTKPKEVLTTKPTGKPTINTIKTNIRTTLLTSNTKGNPKHTSQEETLHSTTSEGYPSPSQVYTTSGQEETLHSTTSEGYPSPSQAHTTSEYPSQSLSSSNTTK
184,2013,Germany: Wuerzburg,A,ON1,KKDPKPQTTKPKEALTTKPTGKPTINTTKTNIRTTLLTSNTKGNPEHTSQEETLHSTTSEGYPSPSQVYTTSGQEETLHSTTSEGYPSPSQVHTTSEYPSQSLSSSNTTK
185,2013,Germany: Wuerzburg,A,ON1,KKDPKPQTTKPKEVLTTKPTGKPTINTTKTNIRTTLLTSNTKGNPEHTSQEETLHSTTSEGHLSPSQVYTTSGQEETLHSTTSEGYLSPSQVYTTSEYLSQSLSSSNTTK
186,2013,Germany: Wuerzburg,A,ON1,KKDPKPQTTKPKEVLTTKPTGKPTINTTKTNIRTTLLTSNTKGNPEHTSQEETLHSTTSEGYPSPSQVYTTSGQEETLHSTTSEGYPSLSQVHTTSEHPSQSPSSSNTTK
187,2013,Germany: Wuerzburg,A,ON1,KKDPKPQTTKPKEVLTTKPTGKPTINTTKTNIRTTLLTSNTKGNPEHTSQEETLHSTTSEGYLSPSQVYTTSGQEETLHSTTSEGYLSPSQVYTTSEYLSHSLSSSNTTK
188,2013,Germany: Wuerzburg,A,ON1,KKDPKPQTTKPKEVLTTKPTGKPTINTTKTNIRTTLLTSNTKGNPEHTSQEETLHSTTSEGYLSPSQVYTTSGQEETLHSTTSEGYLSPSQVYTTSEYLSQSLSSSNTTK
189,2013,Germany: Wuerzburg,A,ON1,KKDPKPQTTKPKEVLTTKPTGKPTINTTKTNIRITLLTSNTKGNPEHTSQEETLHSTTSEGYPSPSQVYTTSGQEETLHSTTSEGYPSPSQVHTTSEYPSQSLSSSNTTK
190,2013,Germany: Wuerzburg,A,ON1,KKDPKPQTTKPKEVLTTKPTGKPTINTTKTNIRTTLLTSNTKGNPEHTSQEETLHSTTSESYPSPSQVYTTFGQEETLHSTTSEGYPSPSQVHTTSEYPSQSLSSSNTTK
191,2013,Germany: Wuerzburg,A,ON1,KKDPKPQTTKPKELLTTKPTGKPTINTTKTNIRTTLLTSNTKGNPEHTSQEETLHSTTSEGYPSPSQVYTTSGQEETLHSTTSEGYPSPSQVHTTSEYLSQSLSSSNTTK
192,2013,Germany: Wuerzburg,A,ON1,KKDPKPQTTKPKEVLTTKPTGKPTINTTKTNIRTTLFTSNTKGNPEHTSQEETLHSTTSEGYLSPSQVYTTSGQEETLHSTTSEGYLSPSQVYTTSEYLSQSLSSSNTTK
193,2013,Germany: Wuerzburg,A,ON1,KKDPKPQTTKPKEVLITKPTGKPTINTIKTNIRTTLLTSNTKGNPEHTSQEETLHSTTSEGYPSPSQVYTTSGQEETLHSTTSEGYPSPSQAHTTSEYPSQSLSSSNTTK
194,2013,Germany: Wuerzburg,A,ON1,KKDPKPQTTKPKEVLTTKPTGKPTINTTKTNIRTTLLTSNTKGNPEHTSQEETLHSTTSEGYLSPSQVYTTSGQEETLHSTTSKGYLSPSQVYTTSEYLSQSLSSSNTTK
195,2013,Germany: Wuerzburg,A,ON1,KKDPKPQTTKPKEVLTTKPTGKPTINTTKTNIRTTLLTSNTKGNPEHTSQEETLHSTTSEGYLSPSQVYTTSGQEETLHSTTSEGYLSPSQVYTTSEYLSQSLSSSNTTK
196,2013,Germany: Wuerzburg,A,ON1,KKDPKPQTTKPKEVLTTKPTGKPTINTTKTNIRTTLLTSNTKGNPGHTSQEETLHSTTSEGYPSPSQVYTTSGQEETPHSTTSEGYPSPSQVHTTSEYLSQSLSSSNTTK
197,2013,Germany: Wuerzburg,A,ON1,KKDPKPQTTKPKEVLTTKPTGKPTINTTKTNIRTTLLTSNTKGNPEHTSQKETLHSTTSEGYLSPSQVYTTSGQEETLHSTTSEGYLSPSQVYTTSEYLSQSLSSSNTTK
198,2013,Germany: Wuerzburg,A,ON1,KKDPKPQTTKPREVLTTKPTGKPTINTTKTDIRTTLLTSNTKGNPEHTSQEETLHSTTSEGYLSPSQVYTTSGQEETLHSTTSEGYLSPSQVYTTSEYLSQSLSSSNTTK
199,2013,Germany: Wuerzburg,A,ON1,KKDPKPQTTKPKEVLTTKPTGKPTINTTKTNIRTTLLTSNTKGNPEHTSQEETLHSTTSEGYPSPSQVYTTSGQEETLHSTTSEGYPSPSQVHTTSEYLSQFLSSSNTTK
200,2013,Germany: Wuerzburg,A,ON1,KKDPKPQTTKPKEVLTTKPTGKPTINTTKTNIRTTLLTSNTKGNPEHTSQEETLHSTTSEGYLSPSQVYTTSGQEETLHSTTSEGYLSPSQVYTTSEYLSQSLSSSNTTK
201,2013,Germany: Wuerzburg,A,ON1,KKDPKPQTTKPKEVLTTKPTGKPTVNTTKTNIRTTLLTSNTKGNPEHTSQEETLHSTTSEGYLSPSQVYTTSGQEETLHSTTSEGYLSPSQVYTTSEYLSQSLSSSNTTK
202,2013,Germany: Wuerzburg,A,ON1,KKDPKPQTTKPKEVLTTKPTGKPTINTTKTNIRTTLLTSNTKGNPEHTSQEETLHSTTSEGHPSPSQVYTTSGQEETLHSTTSEGYPSPSQVHTTSEYLSQSLSSSNTTK
203,2013,Germany: Wuerzburg,A,ON1,KKDPKPQTTKPKEVLTTKPTGKPTINTTKTNIRTTLLTSNTKGNPEHTSQEETLHSTTSEGYLSPSQVYTTSGQEETLHSTTSEGYLSPSQVYTTSEYLSQSLSSSNTTK
204,2013,Germany: Wuerzburg,A,ON1,KKDPKPQTTKPKEVLTTKPTGKPTINTTKTNIRTTLLTSNTKGNPEHTSQEETLHSTTSESYPSPSQVYTTFGQEETLHSTTSEGYPSPSQVHTTSEYPSQSLSSSNTTK
205,2013,Germany: Wuerzburg,A,ON1,KKDPKPQTTKPKEVLTTKPTGKPTINTTKTNIRTTLLTSNTKGNPEHTSQEGTLHSTTSEGYLSPSQVYTTSGQEETLHSTTSKGYLSPSQVYTTSEYLSQSLSSSNTTK
206,2013,Germany: Wuerzburg,A,ON1,KKDPKPQTTKPKEVLTTKPTGKPAINTTKTNIRTTLLTSNTKGNPEHTSQEETLHSTTSEGYLSPSQVYTTSGQEETLHSTTSEGYLSPSQVYTTSEYLSQSLSSSNTTK
207,2013,Germany: Wuerzburg,A,ON1,KKDPKPQTTKPKEVLTTKPTGKPTINTTKTNIRTTLLTSNTKGNPEHTSQEETLHSTTSEGYLSPSQVYTTSGQEETLHSTTSEGYLSPSQVYTTSEYLSQSLSSSNTTK
208,2013,Germany: Wuerzburg,A,ON1,KKDPKPQTTKPKEVLTTKPTGKPTINTTKTNIRTTLLTSNTKGNPEHTSQEETLHSTTSKGYLSPSQVYTTSGQEETLHSTTSEGYLSPSQVYTTSEYLSQSLSSSNTTK
209,2013,Germany: Wuerzburg,A,ON1,KKDPKPQTTRPKEVLTTKPTGKPTINTTKTNIRTTLLTSNTKGNPEHTSQEETLHSTTSEGYLSPSQVYTTSGQEETLHSTTSKGYLSPSQVYTTSEYLSQSLSSSNTTK
210,2013,Germany: Wuerzburg,A,ON1,KKDPKPQTTKPKEVLTIKPTGKPTINTTKTNIRTTLLTSNTKGNPEHTSQEETLHSTTSEGYLSPSQVYTTSGQEETLHSTTSEGYLSPSQVYTTSEYLSQSLSSSNTTK
211,2013,Germany: Wuerzburg,A,ON1,KKDPKPQTTKPKEALTTKPTGKPTINTTKTNIRTTLLTSNTKGNPEHTSQEETLHSTTSEGYPSPSQVYTTSGQEETLHSTTSEGYPSPSQVHTTSEYLSQSLSSSNTTK
212,2013,Germany: Wuerzburg,A,ON1,KKDPKPQTTKPKEVLTTKPTGKPTINTTKTNIRTTLLTSNTKGNPEHTSQEETLHSTTSEGYLSPSQVYTTSGQEETLHSTTSEGYLSPSQVYTTSKYLSQSLSSSNTTK
213,2013,Germany: Wuerzburg,A,ON1,KKDPKPQTTKPKEVLTTKPTGKPTINTIKTNIRTTLLTSNTKGNPEHTSQEETLHSTTSEGYPSPSQVYTTSGQEETLHSTTSEGYPSPSQAHTTSEYPSQSLSSSNTTK
214,2013,Germany: Wuerzburg,A,ON1,KKDPKPQTTKPKEVLTTKPTGKPTINTTKTNIRTTLLTSNTKGNPEHTSQEETLRSTTSEGYLSPSQVYTTSGQEETLHSTTSKGYLSPSQVYTTSEYLSQSLSSSNTTK
215,2013,Germany: Wuerzburg,A,ON1,KKDPKPQTTKPKEVLTTKPTGKPTINTTKTNIRTTLLTSNTKGNPEHTSQEKTLHSTTSEGYLSPSQVYTTSGQEETLHSTTSEGYLSPSQVYTTSEYLSQSLSSSNTTK
216,2013,Germany: Wuerzburg,A,ON1,KKDPKPQTTKPKEVLTTKPTGKPTINTTKTNIRTTLLTSNTKGNPEHTSQEETLHSTTSEGYLSPSQVYTTSGQEETLHSTTSEGYLSPSQVYTTSEYLSQSLSSSNTTK
217,2012,Germany: Wuerzburg,A,ON1,KKDPKPQTTKPKEALTTKPTGKPTINTTKTNIRTTLLTSNTKGNPEHTSQEETLHSTTSEGYPSPSQVYTTSGQEETLHSTTSEGYPSPSQVHTTSEYLSQSLSSSNTTK
218,2012,Germany: Wuerzburg,A,ON1,KKDPKPQTTKPKEVLTTKPTRKPTINTTKTNIRTTLLTSNTKGNPEHTSQEETLHSTTSEGYLSPSQVYTTSGQEETLHSTTSEGYPSPSQVYTTSEYLSQSLSSSNTTK
219,2012,Germany: Wuerzburg,A,ON1,KKDPKPQTTKPKEVLTTKPTGKPTINTTKTNIRTTLLTSNTKGNPGHTSQEETLHSTTSEGYPSPSQVYTTSGQEETPHSTTSEGYPSPSQVHTTSEYLSQSLSSSNTTK
220,2012,Germany: Wuerzburg,A,ON1,KKDPKPQTTKPKEVLTTKPTGKPTINTTKTNIRTTLLTSNTKGNPEHTSQEETLRSTTSEGYLSPSQVYTTSGQEETLHSTTSKGYLSPSQVYTTSEYLSQSLSSSNTTK
221,2012,Germany: Wuerzburg,A,ON1,KKDPKPQTTKPKEVLTTKPTGKPTINTTKTNIRTTLLTSNTKGNPEHTSQEETLHSTTSEGYPSPSQVYTTSGQEETLHSTTSEGYPSPSQVHTTSEYLSQSLSSSNTTK
222,2012,Germany: Wuerzburg,A,ON1,KKDPKPQTTKPREVLTTKPTGKPTINTTKTDIRTTLLTSNTKGNPEHTSQEETLHSTTSEGYLSPSQVYTTSGQEETLHSTTSEGYLSPSQVYTTSEYLSQSLSSSNTTK
223,2012,Germany: Wuerzburg,A,ON1,KKDPKPQTTKPKEALTTKPTGKPTINTTKTNIRTTLLTSNTKGNPEHTSQEETLHSTTSEGYPSPSQVYTTSGQEETLHSTTSEGYPSPSQVHTTSEYLSQSLFSSNTTK
224,2012,Germany: Wuerzburg,A,ON1,KKDPKPQTTKPKEVLTTKPTGKPTINTTKTNIRTTLLTSNTKGNPEHTSQEETLHSTTSEGYLSPSQVYTTSGQEETLHSTTSEGYLSPSQVYTTSEYLSQSLSSSNTTK
225,2012,Germany: Wuerzburg,A,ON1,KKDPKPQTTKPKEVLTTKPTGKPAINTTKTNIRTTLLTSNTKGNPEHTSQEETLHSTTSEGYLSPSQVYTTSGQEETLHSTTSEGYLSPSQVYTTSEYLSQSLSSSNTTK
226,2016,Germany: Wuerzburg,A,NA1,KKDPKPQTTKPKEVLTTKPTEKPTINTTKTNIRTTLLTSYTTGNPEHTSQEETFHSTTSEGYLSPSQVYTTSEYLSQSPSSSNTTKL
227,2016,Germany: Wuerzburg,A,NA1,KKDPKPQTTKPKEALTTKPTEKPTINTTKTNIRTTLLTSNTTGNPEYTSQEETLHLTTSEGYLSPSQVYTTSEYLSQSPSSSNTTN
228,2016,Germany: Wuerzburg,A,NA1,KKDPKPQTTKPKEALTTKPTEKPTINTTKTNIRTTLLTSNTTGNPEYTSQEETLHLTTSEGYLSPSQVHTTSEYLSQSPSSSNTTN
229,2015,Germany: Wuerzburg,A,NA1,KKDPKPQTTKPKEVLTTKPTEKPTINTTKTNIRTTLLTSNTTGNPEHTSQEETLHSTTSEGYLSPSQVYTTSEYLSQSPSSSNTTIL
230,2014,Germany: Wuerzburg,A,NA1,KKDPKPQTTKPKEVLTTEPTEKPTINTTKTNIRTTLLTSNTTGNPEHTSQEETLHSTTSEGYLSPSQVYTTSEYLSHSPSSSNTTK
231,2014,Germany: Wuerzburg,A,GA5,KKDLKPQTTKPKEAPTTKPTEEPTIYITKPNTRTTPLTNSTTGNLEHTSQEETHHSTSFEGNTSPSQIYTTSEYLSQPPSPSNITDQ
232,2014,Germany: Wuerzburg,A,GA5,KKDLKPQTTKPKEAPTTKPTEKPTTNITKPSIRTTLLTNSTTENLEHTSQEDTLHSTSSEGNTSPSQIYTTSEYLSQPLSPSNITDQ
233,2014,Germany: Wuerzburg,A,NA1,KKDPKPQTTKPKEVLTTKPTEKPTINTTKTNIRTTLLTSNTTGNPEHTSQEETLHSTTSEGYLSSSQVYTTSEYLSQSPSSSNTTKG
234,2014,Germany: Wuerzburg,A,NA1,KKDPKPQTTKPKEVLTTKPTEKPTINTTKTNIRTTLLTSNTTGNPEHTSQEETLHSTTSEGYLSPSQVYTTSEYLSQSPSSSNTTIL
235,2014,Germany: Wuerzburg,A,NA1,KKDPKPQTTKPKEVLTTKPTEKPTINTTKTNIRTTLLTSNTTGNPEHTSQEETLHSTTSEGYLSPSQVYTTSEYLSQSPSSSNTTKG
236,2013,Germany: Wuerzburg,A,NA1,KKDPKPQTTKPKEVLTTKPTEKPTIDTTKTNIRTTLLTSNTTGNPEHTSQEETLHSTTSEGNPSPSQVYTTSEYLSQSPSSSNTTK
237,2013,Germany: Wuerzburg,A,NA1,KKDPKPQTTKPKEVLTTKPTENPTINTTKTNIRTTLLTSNTTGNPEHTSQEETLHSTTSEGYLSPSQVYTTSEYLSQSPSSSNTTKG
238,2013,Germany: Wuerzburg,A,NA1,KKDPKPQTTKPKEVLTTKPTEKPTIDTTKTNIRTTMLTSNTTGNPEHTSQEETLHSTTSEGYPSPSQVYTTSEYLSQSPSSSNTTK
239,2013,Germany: Wuerzburg,A,GA5,KKDLKPQTTKPKEAPTTKPTEKPTTNITKPNIRTTLLTNSTTENPEHTSQEDTLHSTSSEGNTSPSQIYTTSEYLSQPPSPSNITDQ
240,2013,Germany: Wuerzburg,A,NA1,KKDPKPQTTKPKEALTTKPTEKPTINTTKTNIRTTLLTSNTTGNPEHTSQEETLHSTTSEGYLSPSQIYTTSEYLSQSPSSSNITK
241,2013,Germany: Wuerzburg,A,GA5,KKDLKPQTTKPKEAPTTKPTEKPTTNITKPNIRTTLLTNSTTENPEHTSQEDTLHSTSSEGNTSPSQIYTTSEYLSQPPSPSNITDQ
242,2013,Germany: Wuerzburg,A,NA1,KKDPKPQTTKSKEVLTTKPTEKPTINTTKTNIRTTLLTSNTTGNPEHTSQEETLHSTTSEGYLSPSQVYTTSEYLSQSPSSSNTTK
243,2013,Germany: Wuerzburg,A,NA1,KKDPKPQTTKPKEVLTTKPTEKPTINTTKTNIRTTLLTSNTAGNPEHTSQKETLHSTTSEGYLSPSQVYTTSEYLSQSPSSSNTAK
244,2011,Germany: Wuerzburg,A,NA1,KKDPKPQTTKLKEVLTTKPTGEPTIDTTRTSIRTTLLTSNTTGNPEHTSQEETLHSTTSEGNPSPSQVYTTSEYLSQSPSSSNTTK
245,2013,Germany: Wuerzburg,A,NA1,KKDPKPQTTKPKEVLTTKPTEKPTIDTTKTNIRTTLLTSYTTGNPEHTSQEETLHSTTSEGNLSPSQVYTTSEYLSQSPSSSYTTK
246,2013,Germany: Wuerzburg,A,NA1,KKDPKPQTTKPKEVLTTKPTEKPTINTTKTNIRTTLLTSNTTGNPEHTSQEETLHSTTSEGYLSPSQVYTTSEYLSQSPSSSNTTKG
247,2013,Germany: Wuerzburg,A,NA1,KKDPKPQTTKPKEVLTTKPTEKPTIDTTKTNIRTTLLTSYTTGNPEHTSQEETIHSTTSEGNLSPSQVYTTSEYLSQSPSSSYTTK
248,2013,Germany: Wuerzburg,A,NA1,KKDPKPQTTKLKEALTTKPTEKPTINTTKTNIRTTLLTSNTTGNPEHTSQEETLHSTTSEGYLSPSQIYTTSEYLSQSPSSSNTTK
249,2013,Germany: Wuerzburg,A,NA1,KKDPKPQTTKSKEVLTTKPTEKPTINTTKTNIRTTLLTSNTTGNPEHTSQEETLHSTTSEGYLSPSQVYTTSEYLSQSPSSSNTTK
250,2013,Germany: Wuerzburg,A,NA1,KKDPKPQTTKPKEVLTTKPTEKPTINTTKTNTRTTLLTSNTTGNQEYTSQEETLHSTTSEGYPSPSQVYTISEYLSQSPSSSNTTK
251,2013,Germany: Wuerzburg,A,NA1,KKDPKPQTTKPKDVLTTKPTGEPTIDTTKTNIRTTLLASGTTGNPEHTSQEETPHSTTSEGNPSPSQVYTTSEYLSQSPSSSNTTK
252,2013,Germany: Wuerzburg,A,NA1,KKDPKPQTTKPKEALTTKPTEKPTINTIKTNIRTTLLTSNTTGNPEHTSQEETLHSTTSEGYLSPSQVYTTSEYLSQSPSSSNTTK
253,2013,Germany: Wuerzburg,A,NA1,KKDPKPQTTKPKEVLTTKPTEKPTINTTKTNIRTTLLTYNTTGNPEHTSQKETLHSTTSEGYLSPSQVYTTSEYLSQSPSSSNTTK
254,2013,Germany: Wuerzburg,A,NA1,KKDPKPQTTKPKEVLTTKPTEKPTIDITKTNIRTTLLTSNTTGNPEHTSQEETLHSTTSEGNLSPSQVYTTSEYLSQSPSSSNTSK
255,2013,Germany: Wuerzburg,A,NA1,KKDPKPQTTKPKEVLTTKPTEKPTINTTKTNIRTTLLTSNTTGNPEHTSQEETLHSTTSEGYLSPSQVYTTSEYLSQSPSSSNTTKG
256,2013,Germany: Wuerzburg,A,NA1,KKDPKPQTTKPKEVLTTKPTEKPTIDTTKTNIRTTLLTSNTIGNPEHTSQEETLHSTTSEGYLSPSQVYTTSEYLSQSPSSSNTTK
257,2013,Germany: Wuerzburg,A,NA1,KKDPKPQTTKPKEVLTTKPTEKSTIDTTKTNTRTTLLTTNTTGNPEHTSQEETLHSTTSEGNPSPPQVYTTSEHPSQSPSSSNTTK
258,2013,Germany: Wuerzburg,A,NA1,KKDPKPQTTKPKEVLTTKPTEKPTINTTKTNIRTTLLTSNTTGNPEYTSQEETLHSTTSEGYLSPSQVYTTSEYLSQSSSSSNTTK
259,2012,Germany: Wuerzburg,A,NA1,KKDPKPQTTKPKEVLTTKPTEKPTINTTKTNIRTTLLTSNTTGNSEHTSQEETLHSTTSEGYLSPSQVYTTSEYLSQSPSSSNTTK
260,2013,Germany: Wuerzburg,A,NA1,KKDPKPQTTKSKEVLTTKPTKKPTINTTKTNIRTTLLTSNTTGNPEHTSQEETLHSTTSEGYLSPSQVYTTSEYLSQSPSSSNTTK
261,2013,Germany: Wuerzburg,A,NA1,KKDPKPQTTKPKEVLTTKPTEKPTINTTKTNIRTTLLTYNTTGNPEHTSQRETLHSTTSEGYLSPSQVYTTSEYLSQSPSSSNTTK
262,2013,Germany: Wuerzburg,A,NA1,KKDPKSQTTKPKEVLTTKPTEKPTIDTTKTNIRTTLLTSNTTGNPEHTSQEETLHSTTSEGNLSPSQVYTTSEYLSQSPSSSNTTK
263,2013,Germany: Wuerzburg,A,NA1,KKDPKPQTTKPKEVLTTKPTEKPTIDTTKTNIRTTLLTSNTTGNPEHTSQEETLHSTTSEGNPSPSQVYTTSEYLSQSPSSSNTTK
264,2013,Germany: Wuerzburg,A,NA1,KKDPKPQTTKPKEVLTTKPTEKPTIYTTKTNIRTTLLTFNTTGNPEHTSQEETLHSTTSEGNLSPSQVYTTSEYLSQSPSSSNTSK
265,2012,Germany: Wuerzburg,A,NA1,KKDPKPQTTKPKEVLTTKPTEKPTIYTTKTNIRTTLLTSNTTGNPEHTSQEETLHSTTSEGNLSPSQVYTTSEYLSQSPSSSNTSK
266,2012,Germany: Wuerzburg,A,NA1,KKDPKPQTTKPKEVLTTKPTEKPTINTTKTNIRTTLLTSNTTGNPEYTSQEETLHSTTSEGYLSPSQVYTTSEYLSQSSSSSNTTK
267,2012,Germany: Wuerzburg,A,NA3,KKDSKPQTTKPKEVLTTKPTEKPTIDTTKTNIRTTLLTSNTTGDPEHTSQEETFHSTTSEGNPSPSQVYTTSEYPSQSPSSSNTTK
268,2012,Germany: Wuerzburg,A,NA1,KKDPKPQTTKPKEVLTTKPTEKPTINNTKTNIRTTLLTSNTTGNPEHTSQEETLHSTTSEGYLSPSQVYTTSEYLSQSPSSFNTTK
269,2012,Germany: Wuerzburg,A,NA1,KKDPKPQTTKPKEVLTTKPTEKPTIDTTKTNIRTTLLTSNTTGNLKHTSQEETLHSTTLEGNPSPSQVYTTSEYLSQSPSSSNTTK
270,2012,Germany: Wuerzburg,A,NA1,KKDPKPQTTKPKEVLTTKPTEKSTIDTAKTNTRTTLLTTNTTGNPEHTSPEETLHSTTSEGNPSPPQVYTTSEHPSQSPSSSNTTK
271,2012,Germany: Wuerzburg,A,NA1,KKDPKPQTTKSKEVLTTKPTEKPTINTTKTNIRTTLLTSNTTGNPEHTSQEETLHSTTSEGYLSPSQVYTTSEYLSQSPSSSNTTK
272,2012,Germany: Wuerzburg,A,NA1,KEDPKPQTTKPKEVLTTKPTEKPTINTTKTNIRTTLLTSNTTGNPEHTSQEETLHSTTSEGYLSPSQVYTTSEYLSQSPSSSNTTK
273,2012,Germany: Wuerzburg,A,NA1,KNDPKPQTTKPKEVLTTKPTEKPTINTTKTNIRTTLLTSNTTGNPEHTSQEETLHSTTSEGNLSPSQVYTTSEYLSQSPSSSNTTK
274,2012,Germany: Wuerzburg,A,NA1,KKDPKPQTTKPKEVLTTKLTEKPTIYTTKTNIRTTLLTFNTTGNPEHTSQEETLHSTTSEGNLSPSQVYTTSEYLSQSPSSSNTSK
275,2012,Germany: Wuerzburg,A,NA1,KKDPKPQTTKPKEVLTTKPTEKPTIDTTKTNIRTTLLTSNTTGNPEQTSQEETLHSTTSEGYLSPSQVYTTSEYLSQSPSSSNTTK
276,2012,Germany: Wuerzburg,A,NA1,KKDPKPQTTKPKEVLTTKPTEKPTIDTTKTNIRTTLLTSNTTGNPEHTSQVETLHSTTSEGNPSPSQVYTTSEYLSQSPSSSNTTK
277,2012,Germany: Wuerzburg,A,NA1,KKDPKPQTTKPKEVLTTKPTEKPTINTTKTNIRTTLLTSNTTGNPEHTSQEETLHSTTSEGYPSPSQVYTTSEHPSQSPSSSNTTK
278,2012,Germany: Wuerzburg,A,NA1,KKDPKPQTTKPKEVLTTKPTEKPTIDTTKTNIRTTLLTSYTTGNPEHTSQEETLHSTTSEGNLSPSQVYTTSEYLSQSPSSSYTTK
279,2011,Germany: Wuerzburg,A,NA1,KKDPKPQTTKPKEVLTTKPTEKPTINTTKTNIRTTLLTSNSTGNPEHTSQEETLHSTTSEGYLSPSQVYTTSEHLSQSPSSSNTTK
280,2012,Germany: Wuerzburg,A,NA1,KKDPKPQTTKPKEVLTTKPTEKPTIDTTKTNIRTTLLTSNTTGNPEHTSQEETLHSTTSEGYLSPSQVYTTSEYLSQSPSSSNTTK
281,2012,Germany: Wuerzburg,A,NA1,KKDPKPQTTKPKEVLTTKPTEKPTVDTTKTNIRTALLTSNTTGNPEHTSQEETLHSTTSKGNPSPSQVYTTSEYLSQSPSSSNTTK
282,2012,Germany: Wuerzburg,A,NA1,KKDPKPQATKPKEVLTTKPTENPTINTTKTNIRTTLITSNTTGNPEHTSQRETLHSTTSEGYLSPSQVYTTSEYLSQSPSSSNTTK
283,2012,Germany: Wuerzburg,A,NA1,KKDPKPQTTKPKEVLTTKPTEKPTIDTTKTKIRTTLLTSNTIGNPEHTSQEETLHSTTSEGYLSPSQVYTTSEYLSQSPSSSNTTK
284,2012,Germany: Wuerzburg,A,NA1,KNDPKPQTTKPKEVLTTKPTEKPTIDTTKTNIRTTLLTSNTTGNPEHTSQEETLHSTTSEGNPSPSQVYTTSEYLSQSPFSSNTTK
285,2012,Germany: Wuerzburg,A,NA1,KKDPKPQTTKPKEVLTTKPTEKPTIDTTKTNIRTTLLTSNTTRNPEHTSQEETLHSTTSEGNLSPSQVYTTSEYLSQSPSSSNTTK
286,2012,Germany: Wuerzburg,A,NA1,KKDPKPQTTKPKEVLTTKPTEKSTIDTTKTNIRTTLITSNTTGNPEHTSQEETLHSTTSEGNPSPSQVYTTSEYLSQSPSSSNTTK
287,2012,Germany: Wuerzburg,A,NA1,KKDPKPQTTKPKEVLATKPTEKSTIDTAKTNTRTTLLTTNTTRNPEHTSPEETLHSTTSEGNPSPPQVYTTSEHPSQSPSSSNTTK
288,2012,Germany: Wuerzburg,A,NA1,KKDPKPQTTKPKEVLTTKPTEKPTIDTTKTNIRTTLLTSNTIGNPEYTSQEETLHSTTSEGYLSPSQVYTTSEYLSQSPSSSNTTK
289,2012,Germany: Wuerzburg,A,NA1,KKDPKPQTTKPKEVLTTKPTEKPTIDTTKTNIRTTLLTSNTTGNPEHTSQGETLHSTTSEGYLSPSQVYTTSEYLSQSPSSSNTTK
290,2012,Germany: Wuerzburg,A,NA1,KKDPKPQTTKPKEVLTTKPTEKPTINTTKTNIRTTLLTSNTTGNPEHTSQEETLHSTTSEGNLSPSQVYTTSEYLSQSPSSSNTTK
291,2012,Germany: Wuerzburg,A,NA1,KKDPKPQTTKPKEVLTTKPTEKPTINTTKTNIRTTLLTSNTTGNPEHTSQEETLHSTTSEGYLSPSQVYTTSEYLSQSPSSSNTTK
292,2012,Germany: Wuerzburg,A,NA1,KKDPKPQTTKPKEVLTTKPTEKPTINTTKTSIRTTLLTSNTTGNPEHTSQKETLHSTTSEGYLSPSQVYTTSEYLSQSPSSSNTTK
293,2012,Germany: Wuerzburg,A,NA1,KKDPKPQTTKPKEVLTTKPTEKPTIDTTKTNIRTTLLTSNTTGNPEHTSQEETLHSTTSEGNPSPSQVYTTSEYLSQSPSSSNTTK
294,2011,Germany: Wuerzburg,A,NA1,KKDPKPQTTKPKEVLTTKPTEKPTINTTKTNIRTTLLTSNTTGNPEHTSQRETLHSTTSEGYLSPSQVYTTSEYLSQSPSSSNTTK
295,2011,Germany: Wuerzburg,A,NA1,KKDPKPQTTKPKEVLTTKPTEKSTIDTTKTNTRTTLLTTNTTGNPEHTSQEETLHSTTSEGNPSPPQVYTTSEHPSQSPSSSNTTK
296,2011,Germany: Wuerzburg,A,NA1,KKDPKPQTTKPKEVLTTKPTEKPTIDTTKTNIRTTLLTSNTTGNPEHTSQEETLHSTTSEGNLSPSQVYTTSEYLSQYPSSSNTTK
297,2011,Germany: Wuerzburg,A,NA1,KKDPKPQTTKPKEVLTTKPTEKPTINTTKTNIRTTLLTSNTTGNPEHTSQEETLHSTTSEGYLSPSQIYTTSEYLSQSPSSSNTTK
298,2011,Germany: Wuerzburg,A,NA1,KKDPKPQTTKPKEVLTTKPTEKPTIDTTKTNIRTTLLTSNTTGNPEHTSQEETLHSTTSEGYLSPSQVYTTSEYLSQSPSSSNTTK
299,2011,Germany: Wuerzburg,A,NA1,KKDPKPQTTKLKEVLTTKPTGEPTIDNTRTSIRTTLLTSNTTGNPEHTSQEETLHSTTSEGNLSPSQVYTTSEYLSQSPSSSNTTK
300,2011,Germany: Wuerzburg,A,NA1,KKDPKPQTTKPKEVLTTKPTEKPTINTTKTNIRTTLLTSNTTGNPEHTSQEETLHSTTSEGYLSPSQVYTTSEYLSQSPSSSNTTR
301,2012,Germany: Wuerzburg,A,NA1,KKDPKPQTTKPKEVLTTKPTKKPTINTTKTNIRTTLLTSNTTGNPEHTSQEETLHSTTSEGYLSPSQVYTTSEYLSQSPSSSNTTK
302,2011,Germany: Wuerzburg,A,NA1,KKDPKPQTTKPKEVLTTKPTEKPTIDTTKTNIRTTMLTSNTTGNPEHTSQEETLHSTTSEGHPSPSQVYTTSEYLSQSPSSSNTTK
303,2011,Germany: Wuerzburg,A,NA1,KKDPKPQTTKPKEVLTTKPTEKPTINTTKTNIRTTLLTSNTTRNPEHTSQEETLHSTTSEGYLSPSQVYTTSEYLSQSPSSSNTTK
304,2011,Germany: Wuerzburg,A,NA1,KKDPKPQTTKPKEVLTTKPTEKPTIDTTKTNIRTTLLTSNTTGNPEHTSQEETLHSTTSEGNPSPSQVYTTSEYLSQSPSSSNTTK
305,2010,Germany: Wuerzburg,A,NA1,KKDPKPQTTKPKEVLTTKPTEKPTINTTKTNIRTTLLTSNTTGNPEHTSQEETLHSTTSEGYPSPSQVHTTSEYLSQSPSSSNTTK
306,2011,Germany: Wuerzburg,A,NA1,KKDPKPQTTKPKEVLTTKSTEKPTINTTKTNIRTTLLTSNTTGNPEHTSQEETLHSTTSEGNLSPSQVYTTSEYLSQSPSSSNTTK
307,2011,Germany: Wuerzburg,A,NA1,KKDPKPQTTKLKEVLTTKPTGEPTIDTTRTSIRTTLLTSNTTGNPEHTSQEETLHSTTSEGNLSPSQVYTTSEYLSQSPSSSNTTK
308,2011,Germany: Wuerzburg,A,NA1,KKDPKPQTTKPKEVLTTKPTEKPTINTTKTNIRTTLLTSNTTGNPEHTSQEETLHSTTSEGNLSPSQVYTTSEYLSQSPSSSNTTK
309,2010,Germany: Wuerzburg,A,NA1,KKDPKPQTTKPKEVLTTKPTEKPTIDTTKTNIRTTLLTSNTTGNPEHTSQEETLHSTTSEGYLSPSQVYTTSEYLSQSPSSSNTTK
310,2010,Germany: Wuerzburg,A,NA1,KKDPKPQTTKPKKALTTKPTEKPTIDTTKTNIRTTLLTSYTTGNPEHTSQEETLHSTTSEGNLSPSQVYTTSEYLSQSPSSSNTTK
311,2010,Germany: Wuerzburg,A,NA1,KKDPKPQTTKPKEVLTTKPTEKSTIDTTKTNTRTTLLTTNTTGNPEHTSQEETLHSTTSEGNPSPPQVYTTSEHPSQSPSSSNTTK
312,2011,Germany: Wuerzburg,A,NA1,KKDPKPQTTKPKEVLTTKPTEKPTINTTKTNXRTTLLTSNTTGNPEHTSQEETLHSTTSEGYPSPPQVYTTSEYLSQSPSSSNTTK
313,2011,Germany: Wuerzburg,A,NA1,KKDPKPQATKPKEVLTTKPTEKPTIDTTKTDIRTTLLTSNTTGNPEHTSQEETLRSTTSEGNPSPSQVYTTSEYLSQSPSSSNTTK
314,2011,Germany: Wuerzburg,A,NA1,KKDPKPQTTKPKEVLTTKPTEKPTINTIKTNIRTTLLTSNTTGNPEHTSQEETLHSTTSEGYLSPSQVYTTSEYLSQSPSSSNTTK
315,2011,Germany: Wuerzburg,A,NA1,KKDPKPQTTKPKEVLTTKPTEKPTIDTTKTNIRTTLLTSYTTGNPEHTSQEETLHSTTSEGNLSPSQVYTTSEYLSQSPSSSYTTK
316,2011,Germany: Wuerzburg,A,NA1,KKDPKPQTTKPKEVLTTKPTEKPTIATTETNIRTTLLTSNTTGNPEYTSQDETLHSTTSEGNLSPSQVYTTTEYLSQSPSSSNTTK
317,2011,Germany: Wuerzburg,A,NA1,KKDPKPQTTKPKEVLTTKPTEKPTINTTKTNIRTTLLTSNSTGNPEHTSQEETLHSTTSEGYLSPSQVYTTSEYLSQSPSSSNTTK
318,2011,Germany: Wuerzburg,A,NA1,KKDPKPQTTKPKEVLTTKPTEKPTINTTKTNIRTTLLTSNTTGNPEHTSQEETLHSTTSEGYLSPSQVYTTSEYLSQSPSSSNTTK
319,2011,Germany: Wuerzburg,A,NA1,KKDPKPQTTKPKEVLTTKPTEKPTINTTKTNIRTTLLTSNTTGNPEHTSQEETLHSTTSEGYPSPSQVYTTSEYLSQSPSSSNTTK
320,2011,Germany: Wuerzburg,A,NA1,KKDPKPQTTKPKEVLTTKPTEKPTIDTTKTNIRTTLLTSNTTGNPEHTSQEETLHSTTSEGNLSPSQVYTTSEYLSQSPSSSNTTK
321,2011,Germany: Wuerzburg,A,NA1,KKDPKPQTTKPKKALTTKPTEKPTIDTTKTNIRTTLLTSYTTGNPEHTSQEDTLHSTTSEGNLSPSQVYTTSEYLSQSPSSSNTTK
322,2010,Germany: Wuerzburg,A,NA1,KKDPKPQTTKPKEVLTTKPTEKPTINTTKTNIRTTLLTSNTTRNPEHTSQEETLHSTTSEGYLSPSQVYTTSEYLSQSPSSSNTTK
323,2010,Germany: Wuerzburg,A,NA1,KKDPKPQTTKPKEVLTTKPTEKPTIDTTKANIRTTLLTSNTTGNPEHTSQEETLHSTTSEGNLSPSQVYTTSEYLSQSPSSSNTTK
324,2010,Germany: Wuerzburg,A,NA1,KKDPKPQTTKLKEVLTTKPTGEPTIDTTRTSIRTTLLTSNTTGNPEHTSQEETLHSTTSEGNLSPSQVYTTSEYLSQSPSSSNTTK
325,2010,Germany: Wuerzburg,A,NA1,KKDPKPQTTKPKEVLTTKPTEKPTINTTKTNIRTTLLTSNTTGNPEHTSQEETLHSTTSEGYLSPSQVYTTSEYLSQSPSSSNTTK
326,2010,Germany: Wuerzburg,A,NA1,KKDPKPQTTKPKEVLTTKPTEKPTINTTKTNIRTTLLTSNSTGNPEHTSQEETLHSTTSEGYLSPSQVYTTSEYLSQSPSSSNTTK
327,2010,Germany: Wuerzburg,A,NA1,KKDPKPQTTKPKEVLTTKSTEKPTINTTKTNIRTTLLTSNTTGNPEHTSQEETLHSTTSEGNLSPSQVYTTSEYLSQSPSSSNTTK
328,2010,Germany: Wuerzburg,A,NA1,KKDPKPXTTKPKEVLTTKPTEKPTIDTTKTNIRTTLLTSNTTGNPEHTSXEETLHSTTSEGNLSPSQVYTTSEYLSQSPSSSNTTK
329,2010,Germany: Wuerzburg,A,NA1,KKDPKPQTTKPKEVLTTKPTEKPTIDTTKTNIRTTLLTSNTTGNPEHTSQEETLHSTTSEGNPSPSQVYTTSEYLSQSPSSSNTTK
330,28-Jan-2013,Philippines,A,ON1,MSKTKDQRTAKTLERTWDTLNHLLFISSCLYKLNLKSIAQITLSILAMIISTSLIIAAIIFIASANHKVTLTTAIIQDATNQIKNTTPTYLTQNPQLGISFSNLSGTTSQSTTILASTTPSAESTPQSTTVKIKNTTTTQILPSKPTTKQRQNKPQNKPNNDFHFEVFNFVPCSICSNNPTCWAICKRIPNKKPGKKTTTKPTKKPTLKTTKKDPKPQTTKPKEVLTTKPTGKPTINTTKTNIRTTLLTSNTKGNPEHTSQEETLHSTTSEGYLSPSQVYTTSGQEETLHSTTSEGYLSPSQVYTTSEYLSQSLSSSNTTK
331,10-Jun-2013,Philippines,A,ON1,MSKTKDQRTAKTLERTWDTLNHLLFISSCLYKLNLKSIAQITLSILAMIISTSLIIAAIIFIASANHKVTLTTAIIQDATNQIKNTTPTYLTQNPQLGISFSSLSGTTSQSTTILASTTPSAESTPQSTTVKIKNTTTTQILPSKPTTKQRPNKPQNKPNNDFHFEVFNFVPCSICSNNPTCWAICKRIPNKKPGKKTTTKPTKKPTLKTTKKDPKPQTTKPKEVLTTKPTGKPTINTTKTNIRTTLLTSNTKGNPEHTSQEETLHSTTSEGYLSPSQVYTTSGQEETLHSTTSEGYLSPSQVYTTSEYLSQSLSSSNTTK
332,31-May-2013,Philippines,A,ON1,MSKTKDQRTAKTLERTWDTLNHLLFISSCLYKLNLKSIAQITLSILAMIISTSLIIAAIIFIASANHKVTLTTAIIQDATNQIKNTTPTYLTQNPQLGISFSNPSGTTSQSTTILASTTPSAESTPQSTTVKIKNTTTTQILPSKPTTKQRQNKPQNKPNNDFHFEVFNFVPCSICSNNPTCWAICKRIPNKKPGKKTTTKPTKKPTLKTTKKDPKPQTTKPKEALTTKPTGKPTINTIKTNIRTTLLTSNTKGNPEHTSQEETLHSTTSEGYPSPSQVYTTSGQEETLHSTTSEGYPSPSQAHTTSEYPSQSLSSSNTTK
333,25-Oct-2012,Philippines,A,ON1,MSKTKDQRTAKTLERTWDTLNHLLFISSCLYKLNLKSIAQITLSILAMIISTSLIIAAIIFIASANHKVTLTTAIIQDATNQIKNTTPTYLTQNPQLGISFSSLSGTTSQSTTILASTTPSAESTPQSTTVKIKNTTTTQILPSKPTTKQRQNKPQNKPNNDFHFEVFNFVPCSICSNNPTCWAICKRIPNKKPGKKTTTKPTKKPTLKTTKKDPKPQTTKPKEVLTTKPTGKPTINTTKTNIRTTLLTSNTKGNPEHTSQEETLHSTTSEGYLSPSQVYTTSGQEETLHSTTSEGYLSPSQVYTTSEYLSQSLSSSNTTK
334,04-Mar-2013,Philippines,A,ON1,MSKTKDQRTAKTLERTWDTLNHLLFISSCLYKLNIKSIAQITLSILAMIISTSLIIAAIIFIASANHKVTLTTAIIQDATNQIKNTTPTYLTQNPQLGISFSNLSGTTSQSTTILASTTPSVESTPQSTTVKIKNTTTTQILPSKPTTKQRQNKPQNKPNNDFHFEVFNFVPCSICSNNPTCRAICKRIPNKKPGKKTTTKPTKKPTLKTTKKDPKPQTTKPKEVLTTKPTGKPTINTTKTNIRITLLTSNTKGNPEHTSQEETLHSTTPEGYPSPSQVHTTSGQEETLHSTTSEGYLSPSQVYTTSEYLSQSLSSSNATK
335,08-Jan-2013,Philippines,A,ON1,MSKTKDQRTAKTLERTWDTLNHLLFISSCLYKLNLKSIAQITLSILAMIISTSLIIAAIIFIASANHKVTLTTAIIQDATNQIKNTTPTYLTQNPQLGISFSNLSGTTSQSTTILASTTPSAESTPQSTTVKIKNTTTTQILPSKPTTKQRQNKPQNKPNNDFHFEVFNFVPCSICSNNPTCWAICKRIPNKKPGKKTTTKPTKKPTLKTTKKDPKPQTTKPKEVLTTKPTGKPTINTTKTNIRTTLLTSNTKGNPEHTSQEETLHSTTSEGYLSPSQVYTTSGQEETLHSTTSEGYLSPSQVYTTSEYLSQSLSSSNTTK
336,20-Dec-2012,Philippines,A,ON1,MSKTKDQRTAKTLERTWDTLNHLLFISSCLYKLNLKSIAQITLSILAMIISTSLIIAAIIFIASANHKVTLTTAIIQDATNQIKNTTPTYLTQNPQLGISFSNLSGTTSQSTTILASTTPSAESTPQSTTVKIKNTTTTQILPSKPTTKQRPNKPQNKPNNDFHFEVFNFVPCSICSNNPTCWAICKRIPNKKPGKKTTTKPTKKPTLKTTKKDPKPQTTKPKEVLTTKPTGKPTINTTKTNIRTTLLTSNTKGNPEHTSQEETLHSTTSEGYLSPSQVYTTSGQEETLHSTTSEGYLSPSQVYTTSEYLSQSLSSSNTTK
337,08-Apr-2013,Philippines,A,NA1,MSKTKDQRTAKTLERTWDTLNHLLFISSCLYKLNLKSIAQITLSILAMIISTSLIIAAIIFIASANHKVTLTTAIIQDATNQIKNTTPTYLTQNPQLGISFSNLSGTTSQSTTILASTTPSAESTPQSTTVKIKNTTTTQIQPSKPTTKQRQNKPQNKPNNDFHFEVFNFVPCSICSNNPTCWAICKRIPNKKPGKKTTTKPTKKPTIKTTKKDPKPQTTKPKEALTTKPTEKPTIDTTKTNIRTTLLTSYTTGNPEHTSQEETLHSTTSEGNLSPSQVYTTSEYLSQSPSSSYTTK
338,22-Sep-2012,Philippines,A,NA1,MSKTKDQRTAKTLERTWDTLNHLLFISSCLYKLNLKSIAQITLSILAMIISTSLIIAAIIFIASANHKVTLTTAIIQDATNQIKNTTPTYLTQNPQLGISFSNLSGTTSQSTTILASTTPSAESTSQSTIVKIKNTTTTQILPSKPTTKQRQNKPQNKPNNDFHFEVFNFVPCSICSNNPTCWAICKRIPNKKPGKKTTTKPTKKPTLKTTKKDPKPQTTKPKEALTTKPTEKPTIDTTKTNIRTTLLTSNTIGNPEHTSQEETLHSTTSEGYLSPSQVYTTSEYLSQSPSSSNTTK
339,20-Nov-2012,Philippines,A,NA1,MSKTKDQRTAKTLERTWDTLNHLLFISSCLYKLNLKSIAQITLSILAMIISTSLIIAAIIFIASANHKVTLTTAIIQDATNQIKNSTPTYLTQNPQLGISFSNLSGTTSQSTTILASTTPSAESTSQSTIVKIKNTTTTQILPSKPTTKQRQNKPQNKPNNDFHFEVFNFVPCSICSNNPTCWAICKRIPNKKPGKKTTTKPTKKPTLKTTKKDPKPQTTKPKEVLTTKPTEKPTIDTTKTNIRTTLLTSNTIGNPEHTSQEETLHSTISEGYLSPSQVYTTSEYLSQSPSSSNTTK
340,31-Oct-2012,Philippines,A,NA1,MSKTKDQRTAKTLERTWDTLNHLLFISSCLYKLNLKSIAQITLSILAMIISTSLIIAAIIFIASANHKVTLTTAIIQDATNQIKNTTPTYLTQNPQLGISFSNLSGTTSQSTTILASTTPSAESTSQSTIVKIKNTTTTQILPSKPTTKQRQNKPQNKPNNDFHFEVFNFVPCSICSNNPTCWAICKRIPNKKPGKKTTTKPTKKPTLKTTKKDPKPQTTKPKEVLTTKPTEKPTIDTTKTNIRTTLLTSNTIGNPEHTSQEETLHSTTSEGYLSPSQVYTTSEYLSQSPSSSNTTK
341,12-Dec-2012,Philippines,A,NA1,MSKTKDQRTAKTLERTWDTLNHLLFISSCLYKLNLKSIAQITLSILAMIISTSLIIAAIIFIASANHKVTLTTAIIQDATNQIKNTTPTYLTQNPQLGISFSNLSGTTSQSTTILASTTPSAESTSQSTIVKIKNTTTTQILPSKPTTKQRQNKPQNKPNNDFHFEVFNFVPCSICSNNPTCWAICKRIPNKKPGKKTTTKPTKKPTLKTTKKDPKPQTTKPKEALTTKPTEKPTIDTTKTNIRTTLLTSNTIGNPEHTSQEETLHSTTSEGYLSPSQVYTTSEYLSQSPSSSNTTK
342,08-Feb-2012,Philippines,A,NA1,MSKTKDQRTAKTLERTWDTLNHLLFISSCLYKLNLKSIAQITLSILAMIISTSLIIAAIIFIASANHKVTLTTAIIQDATNQIKNTTPTYLTQNPQLGISFSNLSGTTSQSTTILASTTPSAESTSQSTIVKIKNTTTTQILPSKPTTKQRQNKPQNKPNNDFHFEVFNFVPCSICSNNPTCWAICKRIPNKKPGKKTTTKPTKKPTLKTTKKDPKPQTTKPKEVLTTKPTEKPTIDTTKTNIRTTLLTSNTIGNPEHTSQEETLHSTTSEGYLSPSQVYTTSEYLSQSPSSSNTTK
343,Nov-2007,India,,,
344,Nov-2007,India,,,
345,Nov-2007,India,,,
346,Nov-2007,India,,,
347,Nov-2007,India,,,
348,Nov-2007,India,,,
349,Nov-2007,India,,,
350,Nov-2007,India,,,
351,Nov-2007,India,,,
352,Nov-2007,India,,,
353,20-Aug-2015,Nigeria,B,BA,KRDPKKLAKTLKKETTINPTKKPTPKTTEKDTSTPQSTVLDITTSKHTERDTSTSQSIALETTTSKHTTQQQSLYSTTPENTPNSTQTPTASEPSTSNSTQRLQSYA
354,23-Sep-2015,Nigeria,B,BA,KRVPKTPAKTPKKETTINPTKKPTPKTTERDTSTSQFTVLDITTSKHTERDTSTSQSIALDTTTSKHTTQQQSLHSTTPENTPNSTQTPTASEPSTSNSTQRLQSYA
355,16-Sep-2015,Nigeria,B,BA,KRDPKTLAKTPKKETTINATKKPTPKTTEREISTPQSTVLDRTTSKHAERDTSTSQLIVLETTTSKNTTQQQSLHSTTPENKPNSTQTPTASESSTSNSN
356,23-Sep-2015,Nigeria,A,ON1,KKDPKPQTTKPKEVLTTKPTGKPTINTTKINSRITLLTSNTKGNPEHTSQKETLHSTTSEGYPSPSQVYTTSGQEETLHSTTSEGHPSPSQVYTTSEYLSQSLSSSNTTK
357,14-Jul-2015,Nigeria,A,ON1,KKDPKPQTTKPKEVHTTKPTGKPTINTTKTNIRTTLLTSNTKGNPEHKSQKETLHSTTSEGYLSPSQVYTTSGQEETLHSTTSKGYLSPSQVYTTSEYLSQSLSSSNTTK
358,13-Jul-2015,Nigeria,A,ON1,KKDPKPQTTKPKEVLTTKPTGKPTINTTKINSRTTLLASNTKGNPEHTSQKETLHSTTSESYPSPSQVYTTSGQEETLHSTTSEGHPSPSQVYTTSEYLSQSLSSSNTTK
359,13-Jul-2015,Nigeria,A,NA2,KKDPKPQTTKPKEVLTTKPTEKLTINTTKTNIRTTLLTSNTTGNPEHTSQEETLHSTTSEGYLSPSQVYTTSEYLSQSPSSSNTTKL
360,Oct-2015,Nigeria,B,BA9,DDYHFEVFNFVPCSICGNNQLCKSICKTIPSNKPKKKPTTKPTNKPPTKTTNKRDLKTLAKPPKKETTINPTKKPTPKTTERDTSTPQSTVLDITTSKHTERDTSTSQSIALETTTSKHTTQQQSLHSTTPENTPNSTQTPTASEPSTSNSTQRLQSYA
361,Sep-2015,Nigeria,B,BA9,DDYHFEVFNFVPCSICGNNQLCKSICKTIPSNKPKKKPTTKPTNKPPTKTTNKRDPKTLAKTPKKETTINPTKKPTPKTTERDISTPQSTVLDTTTSKHTERDTSTSQSIALDTTTSKHTTQQQSLYSTTPENTPNSTQTPTASKSSTSNSN
362,Sep-2015,Nigeria,B,BA9,DDYHFEVFNFVPCSICGNNLLCKSICKTIPSNKPKKKPTTKPTNKPPTKTTNKRDLKTLAKTPKKETTINSTKKPTPKTTERDTSTPQSTVLDTTTSKHTERDTSTSQSIALDATTSXHTTQQQSLYSTTPENTPNSTQTPTASEPSTSNST
363,Sep-2015,Nigeria,B,BA9,DDYHFEVFNFVPCSICGNNQLCKSICKTIPSNKPKKKPTTKPTNKPPTKTTNKRDLKTLAKTPKKETTINPTKKPTPKTTERDTSTPQSTVLDITTSKHTERDTSTSQSIVLETTTSKHTTQQQSLYSTTPENTPNSTQTPTASEPSTSNSTQRLQSYA
364,Sep-2015,Nigeria,B,BA9,DDYHFEVFNFVPCSICGNNQLCKSICKTIPSNKPKKKPTTKPTNKPPTKTTNKRDPKTPAKTPKKETTINPTKKPTPKTTERDTSTSQSTVLDITTSKHTERDTSTSQSIALDTTTSKHTTQQQSLHSTTPENTPNSTQTPTASEPSTSNSTQRLQSYA
365,Sep-2015,Nigeria,B,BA9,DDYHFEVFNFVPCSICGNNQLCKSICKTIPSNKPKKKPTTKPTNKPPTKTTNKRDPKTLAKTPKKETTINPTKKPTPKTTERDTSTPQSTVLDTTTSKHTERDTSTSQSIALDTTTSKHTTQQQSLYSTAPEYTPNSTQTPTASESSTSNSN
366,Aug-2015,Nigeria,B,BA9,DDYHFEVFNFVPCSICGNNQLCKSICKTIPSNKPKKKPTTKPTNKPPTKTTNKRDPKTLAKTPKKETTINPTKKPTPKTTERDTSTPQSTVLDTTTSKHTERDTSTSQSIALDTTTSKHTTQQQSLYSTAPEYTPNSTQTPTASESSTSNSN
367,Jul-2015,Nigeria,B,BA9,DDYHFEVFNFVPCSICGNNQLCKSICKTIPSHKPKKKPTTKPTNKPPTKTTNKRDPKTLAKTPKKKTTINPTKKPTPKTTERDTSTPQSTVLDTTTSKHTERDTSTSQSIALDTTTSKHTTQQQSLYSTTPENTPNSTQTPTASEPSTSNSTQKLQSYA
368,Sep-2015,Nigeria,A,ON1,PTKKPTLKTTKKDPKPQTTKPKEVLTTKPTGKPTINTTKINSRITLLTSNTKGNPEHTSQKETLHSTTSEGYPSPSQVYTTSGQEETLHSTTSEGHPSPSQVYTTSEYLSQSLSSSNTTK
369,Aug-2015,Nigeria,A,ON1,TTTKPTKKPTLKTTKKDPKPQTTKPKEVLTTKPTGKPTINTTKTNSRTTLLTSNTKGNPEHTSQKETLHSTTSEGYLSPSQVYTTSGQEETLHSTTSEGYPSPSQVYTTSEYLSQSLSSSNTTK
370,Aug-2015,Nigeria,A,ON1,TTTKPTKKPTLKTTKKDPKPQTTKPKEVLTTKPTGKPTINTTKTNSRTTLLTSNTKGNPEHTSQKETLHSTTSEGYLSPSQVYTTSGQEETLHSTTSEGYPSPSQVYTTSEYLSQSLSSSNTTK
371,Jul-2015,Nigeria,A,ON1,TTTKPTKKPTLKTTKKDPKPQTTKPKEVLTTKPTGKPTINTTKINSRTTLLASNTKGNPEHTSQKETLHSTTSESYPSPSQVYTTSGQEETLHSTTSEGHPSPSQVYTTSEYLSQSLSSSNTTK
372,Jul-2015,Nigeria,A,ON1,TTTKPTKKPTLKTTKKDPKPQTTKPKEVLTTKPTGKPTINTTKINSRTTLLTSNTKGNPEHTSQKETLHSTTSEGYPSPSQVYTTSGQEETLHSTTSEGHPSPSQVYTTSEYLSQSLSSSNTTK
373,Jul-2015,Nigeria,A,NA2,TTTKPTKKPTLKTTKKDPKPQTTKPKEVLTTKPTENPTINTTKTNIRTTLLTSNTTGNPEHTSQEETLHSTTSEGYLSPSQVYTTSEYLSQSPSSSNTTKL
374,Jul-2015,Nigeria,A,ON1,TTTKPTKKPTLKTTKKDPKPQTTKPKEVLTTKPTGKPTINTTKINSRTTLLTSNTKGNPEHTSQKETLHSTTSEGYPSPSQVYTTSGQEETLHSITSEGHPSPSQVYTTSEYLSQSLSSSNTTK
375,Jul-2015,Nigeria,A,NA2,TTTKPTKKPTLKTTKKDPKPQTTKPKEVLTTKPTENPTINTTKTNIRTTLLTSNTTGNPEHTSQEETLHSTTSEGYLSPSQVYTTSEYLSQSPSSSNTTKL
376,Jun-2015,Nigeria,A,ON1,TTTKPTKKPTLKTTKKDPKPQTTKPKEVLTTKPTGKPTINTTKINSRTTLLASNTKGNPEHTSQKETLHSTTSESYPSPSQVYTTSGQEETLHSTTSEGHPSPSQVYTTSEYLSQSLSSSNTT
377,Jun-2015,Nigeria,A,ON1,TTTKPTKKPTLKTTKKDPKPQTTKPKEVLTTKPTRKPTINTTKTNSRTTLLTSNTKGNPEHTSQKETLHSTTSEGYLSPSQVYTTSGQEETPHSTTSEGYPSPSQVYTTSEYLSQSLSSSNTTK
378,2014,Egypt,A,ON1,MSKTKDQRTAKTLERTWDTLNHLLFISSCLYKLNLKSIAQITLSILAMIISTSLIIAAIIFIASANHKVTLTTAIIQDATNQIKNTTTTYLTQNPQLGINFSNLSGTTSQPTTIPASTTPSAESTPQSTTVKIKNTTTTQILPSKPTTKQRQNKPQNKPNNDFHFEVFNFVPCSICSNNPTCWAICKRIPNKKPGKKTTTKPTKKPTLKTTKKDPKPQTTKPKEVLTTKPTGKPTINTTKTNIRTTQLTSNTKGNPEHTSQEETLHSTTSEGYLSPSQVYTTSGQEETLHSTTSKGYLSPSQVYTTSEYLSQSLSSSNTTK
379,2015,Egypt,A,ON1,MSKTKDQRTAKTLERTWDTLNHLLFISSCLYKLNLKSIAQITLSILAMIISTSLIIAAIIFIASANHKVTLTTAIIQDATNQIKNTTPTYLTQNPQLGISFSNLSGTTSQSTTILASTTPSAESTPQSITVKIKNTTTTQILPSKPTTKQRQNKPQNKPNNDFHFEVFNFVPCSICSNNPTCWAICKRIPNKKPGKKTTTKPTKKQILKTTKKDPKPQTTKPKEVLTTKPTGKPTINTTKTNIRTTLITSNTKGNPEHTSQEETLHSTTSEGYPSPSQVYTTSGQEETLHSTTSEGYPSPSQAHTTSEYPSQSLSSSNTTK
380,2015,Egypt,A,ON1,MSKTKDQRTAKTLERTWDTLNHLLFISSCLYKLNLKSIAQITLSILAMIISTSLIIAAIIFIASANHKVTLTTAIIQDATNQIKNTTPTYLTQNPQLGINFSNLSGTTSQPITIPASTTPSAESTPQSTTVKIKNTTTTQILPSKPTTKQRQNKPQNKPNNDFHFEVFNFVPCSICSNNPTCWAICKRIPNKKPGKKTTTKPTKKSTLKTTKKDPKPQTTKPKEVLTTKPTGNPTINTTKTNIRTTQLTSNTKGNPEHTSQEETLHSTTSEGYLSPSQVYTTSGQEETLHSTTSEGYLSPSQVYTTSEYLSQSLSSSNTTK
381,2014,Egypt,A,ON1,MSKTKDQRTAKTLERTWDTLNHLLFISSCLYKLNLKSIAQITLSILAMIISTSLIIAAIIFIASANHKVTLTTAIIQDATNQIKNTTPTYLTQNPQLGINFSNLSGTTSQPTTIPASTTPSAESTPQSTTVKIKNTTTTQILPSKPTTKQRQNKPQNKPNNDFHFEVFNFVPCSICSNNPTCWAICKRIPNKKPGKKTTTKPTKKPTLKTTKKDPKPQTTKPKEVLTTKPTGKPTINTTKTNIRTTQLTSNTKGNPEHTSQEETLHSTTSEGYLSPSQVYTTSGQEETLHSTTSEGYLSPSQVYTTSEYLSQSLSSSNTTK
382,2014,Egypt,A,ON1,MSKTKDQRTAKTLERTWDTLNHLLFISSCLYKLNLKSIAQITLSILAMIISTSLIIAAIIFIASANHKVTLTTAIIQDATNQIKNTTPTYLTQNPQLGINFSNLSGTTSQPTTIPASTTPSAESTPQSTTVKIKNTTTTQILPSKPTTKQRQNKPQNKPNNDFHFEVFNFVPCSICSNNPTCWAICKRIPNKKPGKKTTTKPTKKPTLKTTKKDPKPQTTKPKEVLTTKPTGKPTINTTKTNIRTTQLTSNTKGNPEHTSQEETLHSTTSEGYLSPSQVYTTSGQEETLHSTTSKGYLSPSQVYTTSEYLSQSLSSSNTTK
383,2014,Egypt,A,ON1,MSKTKDQRTAKTLERTWDTLNHLLFISSCLYKLNLKSIAQITLSILAMIISTSLIIAAIIFIASANHKVTLTTAIIQDATNQIKNTTPTYLTQNPQLGISFSNLSGTTSQSTTILASTTPSAESTPQSTTVKIINTTTTQILPSKPTTKQRQNKPQNKPNNDFHFEVFNFVPCSICSNNPTCWAICKRIPNKKPGKKTTTKPTKKPTLKTTKKDPKPQTTKPKEVLTTKPTGKPTINTTKTNSRTTLLTSNTKGNPEHTSQKETLHSTTSKGYLSPSQVYTTSGQEETLHSTTSEGYPSPSQVYTTSEYLSQSLSSSNTTK
384,2015,Egypt,A,ON1,MSKTKDQRTAKTLERTWDTLNHLLFISSCLYKLNLKSIAQITLSILAMIISTSLIIAAIIFIASANHKVTLTTAIIQDATNQIKNTTPTYLTQNPQLGINFSNLSGTTSQPTTIPASTTPSAESTPQSTTVKIKNTTTTQILPSKPTTKQRQNKPQNKPNNDFHFEVFNFVPCSICSNNPTCWAICKRIPNKKPGKKTTTKPTKKPTLKTTKKDPKPQTTKPKEVLTTKPTGKPTINTTKTNIRTTQLTSNTKGNPEHTSQEETLHSTTSEGYLSPSQVYTTSGQEETLHSTTSEGYLSPSQVYTTSEYLSQSLSSSNTTK
385,2014,Egypt,A,ON1,MSKTKDQRTAKTLERTWDTLNHLLFISSCLYKLNLKSIAQITLSILAMIISTSLIIAAIIFIASANHKVTLTTAIIQDATNQIKNTTPTYLTQNPQLGISFSNLSGTTSQPTTIPASTTPSAESTPQSTTVKIKNTTTTQILPSKPTTKQRQNKPQNKPNNDFHFEVFNFVPCSICSNNPTCWAICKRIPNKKPGKKTTTKPTKKQTLKTTKKDPKPQTTKPKEVLTTKPTGKPTINTTKTNIRTTLLTSNTKGNPEYTSQEETLHSTTSEGYPSPSQVYTTSGQEETLHSTTSEGYPSPSQVHTTSEYPSQSLSSSNTTK
386,2014,Egypt,A,ON1,MSKTKDQRTAKTLERTWDTLNHLLFISSCLYKLNLKSIAQITLSILAMIISTSLIIAAIIFIASANHKVTLTTAIIQDATNQIKNTTPTYLTQNPQLGINFSNLSGTTSQPTTIPASTTPSAESTPQSTTVKIKNTTTTQILPSKPTTKQRQNKPQNKPNNDFHFEVFNFVPCSICSNNPTCWAICKRIPNKKPGKKTTTKPTKKPTLKTTKKDPKPQTTKPKEVLTTKPTGKPTINTTKTNIRTTQLTSNTKGNPEHTSQEETLHSTTSEGYLSPSQVYTTSGQEETLHSTTSEGYLSPSQVYTTSEYLSQSLSSSNTTK
387,2015,Egypt,A,NA1,MSKTKDQRTAKTLERTWDTLNHLLFISSCLYKLNLKSIAQITLSILAMIISTSLIIAAIIFIASANHKVTLTTAIIQDATNQIKNTTPTYLTQNPQLGISFSNLSGTTSQSTTILASTTPSAESTPQSTTVKIKNTTTTQIPPSKPTTKQRQNKPQNKPNNDFHFEVFNFVPCSICSNNPTCWAICKRIPNKKPGKKTTTKPTKKPTIKTTKKDPKPQTTKPKEVLTTKPTEKPTIDTTKTNIRTTLLTSNTTGNPKHTSQEETLRSTTSDGNPSPSQVYTTSEYLSQSPSSSNTTK
388,2015,Egypt,A,ON1,MSKTKDQRTAKTLERTWDTLNHLLFISSCLYKLNLKSIAQITLSILAMIISTSLIIAAIIFIASANHKVTLTTAIIQDATNQIKNTTPTYLTQNPQLGISLSNLSGTTSQSTTILASTTSSAESTPQSTTVKIKNTTTTQILPSKPTTKQRQNKPQNKPNNDFHFEVFNFVPCSICSNNPTCWAICKRIPNKKPGKKTTTKPTKKPTLKTTKKDPKPQTTKPKKVLTTKPTGKPTINTTKTNIRTTLLTSNTKGNPEHTSQEETLHSTTSEGYPSPSQVYTTSGQEETLHSTTSEGYPSPSQVHTTSEYLSQSLSSSNTTK
389,2015,Egypt,A,ON1,MSKTKDQHTAKTLERTWDTLNHLLFISSCLYKLNLKSIAQITLSILAMIISTSLIIAAIIFIASANHKVTLTTAIIQDATNQIKNTTPTYLTQNPQLGISFSNLSGTTSQSTTILASTTPSAESTPQSTTVKIKNTTTTQILPSKPTTKQRQNKPQNKPNNDFHFEVFNFVPCSICSNNPTCWAICKRIPNKKPGKKTTTKPTKKQTLKTTKKDPKPQTTKPKEVLTTKPTGKPTINTTKTNIRTTLITSNTKGNPEHTSQEETLHSTTSEGYPSPSQVYTTSGQEETLHSTTSEGYPSPSQAHTTSEYPSQSLSSSNTAK
390,2015,Egypt,A,ON1,MSKTKDQRTAKTLERTWDTLNHLLFISSCLYKLNLKSIAQITLSILAMIISTSLIIAAIIFIASANHKVTLTTAIIQDATNQIKNTTPTYLTQNPQLGINFSNLSGTTSQPTTIPASTTPSAESTPQSTTVKIKNTTTTQILPSKPTTKQRQNKPQNKPNNDFHFEVFNFVPCSICSNNPTCWAICKRIPNKKPGKKTTTKPTKKPTLKTTKKDPKPQTTKPKEVLTTKPTGKPTINTTKTNIRTTQLTSNTKGNPEHTSQEETLHSTTSEGYLSPSQVYTTSGREETLHSTTSEGYLSPSQVYTTSEYLSQSLSSSNTTK
391,2014,Egypt,A,ON1,MSKTKDQRTAKTLETTWDTLNHLLFISSCLFKLNLKSFAQISLSILKKIISSSLIIAAIIFIASANHKVTLTTAIIQDATNQIKNTTPTYLTQNPQLGINFSNLSGTTSQPTTIPASTTPSAESTPQSTTVKIKNTTTTQILPSKPTTKQRQNKPQNKPNNDFHFEVFNFVPCSICSNNPTCWAICKRIPNKKPGKKTTTKPTKKPTLKTTKKDPKPQTTKPKEVLTTKPTGKPTINTTKTNIRTTQLTSNTKGNPEHTSQEETLHSTTSEGYLSPSQVYTTSGQEETLHSTTSKGYLSPSQVYTTSEYLSQSLSSSNTTK
392,2014,Egypt,A,ON1,MSKTKDQRTAKTLERTWDTLNHLLFISSCLYKLNLKSIAQITLSILAMIISTSLIIAAIIFIASANHKVTLTTAIIQDATNQIKNTTPTYLTQNPQLGISFSNLSGTTSQFTTIQASTTPSAESTPQSTTVKIKNTPITQISPSKPTTKQRQNKPQNKPNNDFHFEVFNFVPCSICSNNPTCWAICKRIPNKKPGKKTTTKPTKKQTLKTTKKDPKPQTTKPKEVPTTKPTGKPTINTTKTNIRTTLLTSNTKGNPEYTSQEETLHSTTSEGYPSPSQVYTTSGQEETLHSTTSEGYPSPSQVHTTSEYPSQSLSSSNTTK
393,Mar-2011,Mexico,A,ON1,MSKTKDQRTAKTLERTWDTLNHLLFISSCLYKLNLKSIAQITLSILAMIISTSLIIAAIIFIASANHKVTLTTAIIQDATNQIKNTTPTYLTQNPQLGISFSNLSGTTSQSTTILASTTPSAESTPQSTTVKIINTTTIQILPSKPTTKQRQNKPQNKPNNDFHFEVFNFVPCSICSNNPTCWAICKRIPNKKPGKKTTTKPTKKPTLKTTKKDPKPQTTKPKEVLTTKPTGKPTINTTKTNIRTTLLTSNTKGNPEHTSQKETLHSTTSEGYLSPSQVYTTSGQEETLHSTTSEGYLSPSQIYTTSEYLSQSLSSSNTTK
394,03-Mar-2013,Mexico,A,ON1,MSKTKDQRTAKTLERTWDTLNHLLFISSCLYKLNLKSIAQITLSILAMIISTSLIIAAIIFIASANHKVTLTTAIIQDATNQIKNTTPTYLTQNPQLGISFSNLSGTTSQSTTILASTTPSAESTPQSTTVKIKNTTTTQILPSKPTTKQRQNKPQNKPNNDFHFEVFNFVPCSICSNNPTCWAICKRIPNKKPGKKTTTKPTKKPTLKTTKKDPKPQTTKPKEVLTTKPTGKPTINTTKTNIRTTLLTSNTKGNPEHTSQEETLHSTTSEGYPSPSQVHTTSGQEETLHSTTSEGYPSPSQVYTTSEYLSQSLSSSNTTK
395,19-Dec-2012,Mexico,A,ON1,
396,15-Nov-2011,Mexico,A,ON1,MSKTKDQRTAKTLERTWDTLNHLLFISSCLYKLNLKSIAQITLSILAMIISTSLIIAAIIFIASANHKVTLTTAIIQDATNQIKNTTPTYLTQNPQLGISFSNLSGTTSQSTTILASTTPSAESTPQSTTVKIKNTTTTQILPSKPTTKQRQNKPQNKPNNDFHFEVFNFVPCSICSNNPTCWAICKRIPNKKPGKKTTTKPTKKPTLKTTKKDPKPQTTKPKEVLTTKPTGKPTINTTKTNIRTTLLTSNTKGNPEHTSQEETLHSTTSEGYLSPSQVYTTSGQEETLHSTTSEGYLSPSQVYTTSEYLSQSLSSSNTTK
397,27-Dec-2009,Mexico,A,GA2,MSKTKDQRTAKTLERTWDTLNHLLFISSCLYKLNLKSIAQITLSILAMIISTSLIIAAIIFIASANHKVTLTTAIIQDATNQIKNTTPTYLTQNPQLGISFSNLSGTTSQSTTILASTTPSAESTPQSTTVKIKNTTTTQILPSKPTTKQRQNKPQNKPNNDFHFEVFNFVPCSICSNNPTCWAICKRIPNKKPGKKTTTKPTKKPTLKTTKKDPKPQTTKPMEVLTTKPTEKPTINTTKTNIRTTLLTSNTTGNPEHTSQEETLHSTTSEGYLSPSQVYTTSEYLSQSPSSSNTTK
398,27-Dec-2009,Mexico,A,ON1,MSKTKDQRTAKTLERTWDTLNHLLFISSCLYKLNLKSIAQITLSILAMIISTSLIIAAIIFIASANHKVTLTTAIIQDATNQIKNTTPTYLTQNPQLGISFSNLSGTTSQSTTTLASTTPSAESTPQSTTVKIINTTTTQILPSKPTTKQRQNKPQNKPNNDFHFEVFNFVPCSICSNNPTCWAICKRIPNKKPGKKTTTKPTKKPTLKTTKKDPKPQTTKPKEVLTTKPTGKPTINTTKTNIRTTLLTSNTKGNPEHTSQEETLHSTTSEGYLSPSQVYTTSGQEETLHSTTSEGYLSPSQVYTTSEYLSQSLSSSNTTK
399,08-Dec-2009,Mexico,A,GA2,MSKTKDQRTAKTLERTWDTLNHLLFISSCLYKLNLKSIAQITLSILAMIISTSLIIAAIIFIASANHKVTLTTAIIQDATNQIKNTTPTYLTQNPQLGISFSNLSGTTSQSTTILASTTPSAESTPQSTTVKIKNTTTTQIQPSKPTTKQRQNKPQNKPNNDFHFEVFNFVPCSICSNNPTCWAICKRIPNKKPGKKTTTKPTKKPTIKTTKKDPKPQTTKPKEVLTTKLTEKPTIDTTETNIRTTLLTPNTTGNPEHTSQEETLHSTTSEGNLSPSQVYTTSEYLSQSPSSSNTTK
400,,USA,B,BA,MSKNKNQRTARTLEKTWDTLNHLIVISSCLYKLNLKSVAQIALSVLAMIISTSLIIAAIIFIISANHKVTLTTVTVQTIKNHTEKNITTYLTQVSPERVSPSKQPTTTPPTYTNSATISPNTKSETHHTTAQTKGRTSTPTQNNKPSTKPRPKNPPKKDDYHFEVFNFVPCSICGNNQLCKSICKTIPSNKPKKKPTTKPTNKPPTKTTNKRDPKTLAKTPKKETTINPTKKPTPKTTERDTSTPQSTVLDTTTSKHTERDTSTLQSTALDTTTSKHTIQQQSLYSTTPENTPNFTQTPTASEPSTSNST
401,2015,USA,B,BA,MSKNKNQRTARTLEKTWDTLNHLIVISSCLYKLNLKSIAQIALSVLAMIISTSLIIAAIIFIISANHKVTLTTVTVQTIKNHTEKNITTYLTQVSPERVSPSKQPTATPPIHTNLATISLNTKSETHHTTAQTKGTTSNPTQNNKPSTKPRPKNPPKKDDYHFEVFNFVPCSICGNNQLCKSICKTIPSNKPKKKPTTKPTNKPPTKTTNKRDPKTLAKTPKKETTINPTKKPIPKTTERDTSTPQSTVLDITTSKHTERDTSTSQSIVLDTTTSKHTTQQQPLYSTIPENTPNSTQTPTASEPSTSNST
402,2015,USA,B,BA,MSKNKNQRTARTLEKTWDTLNHLIVISSCLYKLNLKSIAQIALSVLAMIISTSLIIAAIIFIISANHKVTLTTVTVQTIKNHTEKNITTYLTQVSPERVSPSNQPTTTPPIHTNSATISPNTKSETHHTTAQTKGRTSTPTQNNKPSTKPRPKNPPKKDDYHFEVFNFVPCSICGNNQLCKSICKTIPSNKPKKKPTIKPTNKPPTKTTNKRDSKTLAKTPKKETTINPTKKPTPKTTERDTSTPQSTVLDTTTSKHTERDTSTSQSIALDTTTSKHTIQQQSPYSTTLENTPNSTQTPTASEPSTSNST
403,2015,USA,B,BA,MSKNKNQRTARTLEKTWDTLNHLIVISSCLYKLNLKSIAQIALSVLAMIISTSLIIAAIIFIISANHKVTLTTVTVQTIKNHTEKNITTYLTQVSPERVSPSKQPTTTPPIHTNSATISPNTKSETHHTTAQTKGRTSTPTQNNKPSTKPRPKNPPKKDDYHFEVFNFVPCSICGNNQLCKSICKTIPSNKPKKKPTTKPTNKPPTKTTNKRDPKTLAKTPKKETTINPTKKPTPKTTERDTSTPQSTVLDTTTSKHTERDTSTSQSIALDTTTSKHTTQQQSLYSTTPENTPNSTQTPTASEPSTSNST
404,2015,USA,B,BA,MSKNKNQRTARTLEKTWDTLNHLIVISSCLYKLNLKSIAQIALSVLAMIISTSLIIAAIIFIISANHKVTLTTVTVQTIKNHTEKNITTYLTQVSPERVSPSNQLTTTPPIHTNSATISPNTKSETHHTTAQTKGSTSTPTQNNKPSTKPRPKNPPKKDDYHFEVFNFVPCSICGNNQLCKSICKTIPSNKPKKKPTIKPTNKPPTKTTNKRDPKTLAKTPKKETTINPTKKPTPKTTERDTSTPQSTVLDTTTSEHTERDTSTSQSIALDTTTSKHTIQQQSLYSTTLENTPNSTQTPTASEPSTSNST
405,2015,USA,B,BA,MSKNKNQRTARTLEKTWDTLNHLIVISSCLYKLNLKSVAQIALSVLAMIISTSLIIAAIIFIISANHKVTLTTVTVQTIKNHTEKNITTYLTQVSPERVSPSKQPTTTPPTYTNSATISPNTKSETHHTTAQTKGRTSTPTQNNKPSTKPRPKNPPKKDDYHFEVFNFVPCSICGNNQLCKSICKTIPSNKPKKKPTTKPTNKPPTKTTNKRDPKTLAKTPKKETTINPTKKPTPKTTERDTSTPQSTVLDTTTSKHTERDTSTLQSTALDTTTSKHTIQQQSLYSTTPENTPNFTQTPTASEPSTSNST
406,2015,USA,B,BA,MSKNKNQRTARTLEKTWDTLNHLIVISSCLYKLNLKSIAQIALSVLAMIISTSLIIAAIIFIISANHKVTLTTVTVQTIKNHTEKNITTYLTQVSPERVSPSKQPTTTPPTYKNSVTISPNTKSETHHTTAQTKGRTSTSTQNNKPSTKPRPKNPPKKDDYHFEVFNFVPCSICGNNQLCKSICKTIPSNKPKKKPTIKPTNKPPTKTTNKRDPKTLAKTPKKETTINPTKKPTSKTTERDTSTPQSTVLDTTTSKHTERDTSTLQSTALDTTTSKHTIQQQSPYSTTPENTPNLTQTPTASEPSTSNST
407,2015,USA,B,BA,MSKNKNQRTARTLEKTWDTLNHLIVISSCLYKLNLKSIAQIALSVLAMIISTSLIIAAIIFIISANHKVTLTTVTVQTIKNHTEKNITTYLTQVSPERVSPSKQPTTTPPIHTNSATISPNTKSETHHTTAQTKGRTSTPTQNNKPSTKPRQKNPPKKDDYHFEVFNFVPCSICGNNQLCKSICKTIPSNKPKKKPTTKPTNKTPTKTTNRRDPKTLAKTPKKDTTINPTKKPTPKTTERDTSTPQSTVLDTTTSKHTERDTSTSQSTVLDTTTSKHTIQQQSLHSTTPGNTPNSTQTPTASEPSTSNST
408,2015,USA,B,BA,MSKNKNQRTARTLEKTWDTLNHLIVISSCLYKLNLKSIAQIALSVLAMIISTSLIIAAIIFIISANHKVTLTTVTVQTIKNHTEKNITTYLTQVSPERVSPSKQPTTTPPTYTNSATISPNTKSETHHTTAQTKGRTSTPTQNNKPSTKPRPKNPPKKDDYHFEVFNFVPCSICGNNQLCKSICKTIPSNKPKKKPTIKPTNKPPTKTTNKRDPKTLAKTPKKETTINPTKKPTPKTTERDTSTPQSTVLDTTTSKHTERDTSTLQSTALDTTTSKHTIQQQSLYSTTPENTPNFTQTPTASEPSTSNST
409,2016,USA,B,BA,MSKNKNQRTARTLEKTWDTLNHLIVISSCLYKLNLKSIAQIALSVLAMIISTSLIIAAIIFIISANHKVTLTTVTVQTIKNHTEKNITTYLTQVSPERVSPSKQPTATPPIHTNSATISPNTKSETHHTTAQTKGTTSTPTQNNKPSTKPRPKNPPKKDDYHFEVFNFVPCSICGNNQLCKSICKTIPSNKPKKKPTTKPTNKPPTKTTNKRDPKTLAKTPKKETTINPTKKPTPKTTERDTSTPQSTVLDITTSKHTERDTSTSQSIAFDTTTSKHTTQQQSLYSTTLENTPNSTQTPTASEPSTSNST
410,2016,USA,B,BA,MSKHKNQRTARTLEKTWDTLNHLIVISSCLYRLNLKSIAQIALSVLAMIISTSLIIAAIIFIISANHKVTLTTVTVQTIKNHTEKNITTYLTQVPPERVSSSKQPTTTSPIHTNSATTSPNTKSETHHTTAQTKGRTTTSTQTNKPSTKPRLKNPPKKPKDDYHFEVFNFVPCSICGNNQLCKSICKTIPSNKPKKKPTIKPTNKPTTKTTNKRDPKTPAKTTKKETTTNPTKKPTLTTTERDTSTSQSTVLDTTTLEHTIQQQSLHSTTPENTPNSTQTPTASEPSTSNSTQNTQSHA
411,26-Apr-2015,Egypt: Beni-Suef Governorate,A,,
412,22-Mar-2015,Egypt: Mansoura Governorate,A,,
413,09-Mar-2015,Egypt: Beni-Suef Governorate,A,,
414,08-Mar-2015,Egypt: Giza Governorate,A,,
415,16-Feb-2015,Egypt: Sharqia Governorate,A,,
416,02-Feb-2015,Egypt: Quena Governorate,A,,
417,29-Jan-2015,Egypt: Cairo Governorate,A,,
418,25-Jan-2015,Egypt: Fayoum Governorate,A,,
419,25-Jan-2015,Egypt: Cairo Governorate,A,,
420,19-Jan-2015,Egypt: Assuit Governorate,A,,
421,17-Jan-2015,Egypt: Cairo Governorate,A,,
422,16-Jan-2015,Egypt: Cairo Governorate,A,,
423,16-Jan-2015,Egypt: Cairo Governorate,A,,
424,12-Jan-2015,Egypt: Giza Governorate,A,,
425,12-Jan-2015,Egypt: Cairo Governorate,A,,
426,12-Jan-2015,Egypt: Sohag Governorate,A,,
427,05-Jan-2015,Egypt: Cairo Governorate,A,,
428,14-Jan-2015,Egypt: Cairo Governorate,A,,
429,04-Jan-2015,Egypt: Bei-Suef Governorate,A,,
430,28-Dec-2014,Egypt: Suez Governorate,A,,
431,25-Dec-2014,Egypt: Cairo Governorate,A,,
432,22-Dec-2014,Egypt: Cairo Governorate,A,,
433,20-Dec-2014,Egypt: Cairo Governorate,A,,
434,17-Dec-2014,Egypt: Cairo Governorate,A,,
435,15-Dec-2014,Egypt: Beni-Suef Governorate,A,,
436,14-Dec-2014,Egypt: Ismailia Governorate,A,,
437,14-Dec-2014,Egypt: Fayoum Governorate,A,,
438,13-Dec-2014,Egypt: Cairo Governorate,A,,
439,10-Dec-2014,Egypt: Cairo Governorate,A,,
440,09-Dec-2014,Egypt: Cairo Governorate,A,,
441,05-Dec-2014,Egypt: Cairo Governorate,A,,
442,06-Jul-2015,Argentina,A,ON1,MSKTKDQRTAKTLERTWDTLNHLLFISSCLYKLNLKSIAQITLSILAMIISTSLIIAAIIFIASANHKVTLTTAIIQDATNQIKNTTPTYLTQNTQLGISFSNLSGTTSQSTTILASTTPSAESTPQSITVKIKNTTTTQILSSKPTTKQRQNKPQNKPNNDFHFEVFNFVPCSICSNNPTCWAICKRIPNKKPGKKTTTKPTKKPTLKTTKKDPKPQTTKPKEVLTTKPTGKPTINTTKTNIRTTLLTSNTKGNPEHTSQEATLHPTTSEGYPSPSQVYTTSGQEETLHSTTSEGYLSPSQVYTTSEYLSQSPSSSNTTK
443,26-May-2015,Argentina,B,BA,MSKNKNQRTARTLEKTWDTLNHLIVISSCLYKLNLKSIAQIALSVLAMIISTSLIIAAIIFIISAXHKVTLTTVTVQTIKNHTEKNITTYLTQVSPERVSPSNQPTTTPPIHTNSATISPNTKSETHHTTEQTKGRTSTPTQNNKPSTKPRPKNPPKKDDYHFEVFNFVPCSICGNNQLCKSICKTIPSNKPKKKPTIKPTNKPPTKTTNKRDPKTLAKTPKKETTINPTIKLTPKTTERDTSTPQSTVLDTTTSKHTERDTSTSQSIALDTTTSKHTIQQQSLYSTTLENTPNSTQTPTASEPSTSNST
444,21-May-2015,Argentina,B,BA,MIISTSLIIAAIIFIISANHKVTLTTVTVQTIKNHTEKNITTYLTQVSPERVSPSKQPTTTPLIHTNSATISPNTKSETHHTTAQTKGRTSTPTQNNKPSTKPRPKNPPKKDDYHFEVFNFVPCSICGNNQLCKSICKTIPSNKPKKKPTTKPTNKPPTKTTNKRDPKTLAKTPKKETTINPTKKPTPKTTERDTSTPQSTVLDTTTSKHTERDTRTPQSTALDKTTSKHITQQQSLHSTTPENTPNSTQTPTASEPSTSNST
445,23-Feb-2015,Argentina,B,BA,MSKNKNQRTARTLEKTWDTLNHLIVISSCLYKLNLKSIAQIALSVLAMIISTSLIIAAIIFIISANHKVTLTTVTVQTIKNHTEKNITTYLTQVSPERVSPSKQPTTTPPIHTNSATISPNTKSETHHTTAQTKGRTSTPTQNNKPSTKPRPKNPPKKDDYHFEVFNFVPCSICGNNQLCKSICKTIPSNKPKKKPTTKPTNKPPTKTTNKRDPKTLAKTPKKETTINPTKKPTPKTTERDTSTPQSTVLDTTTSKHTERDTRTPQSTALDKTTSKHITQQQSLHSTTPENTPNSTQTPTASEPSTSNST
446,30-Apr-2015,Argentina,A,ON1,MSKTKDQRTAKTLERTWDTLNHLLFISSCLYKLNLKSIAQITLSILAMIISTSLIIAAIIFIASANHKVTLTTAIIQDATNQIKNTTPTYLTQNPQLGISFSNLSGTTSQSTTILASPTPSAESTPQSTTVKIKNTTTTQILPSKPTTKQRQNKPQNKPNNDFHFEVFNFVPCSICSNNPTCWAICKRIPNKKPGKKTTTKPTKKPTLKTTKKDPKPQTTKPKEVLTTKPTGKPTINTTKTNIRTTLLTSNTKGNPEHTSQEETLHSTTSEGYLSPSQVYTTSGQEETLHSTTSEGYLSPSQIYTTSEYLSQSLSSSNTTK
447,Dec-2014,Turkey,B,BA,KSICKTIPSNKPKKKPTTKPTNKPPTKTTNKRDPKTLAKTPKKETTINPTKKPTPKTTERDTSTPQSTVLDITTSKHTERDTSTSQSIALDTTTSKHTTQQQSLYSTTPENTPNSTQTSTASEPSTSNST
448,Dec-2014,Turkey,B,BA,KSICKTIPSNKPKKKPTTKPTNKPPTKTTNKRDPKTLAKTPKKETTINPTKKPTPKTTERDTSTPQSTVLDITTSKHTERDTSTSQSIALDTTTSKHTTQQQSLYSTTPENTPNSTQTSTASEPSTSNST
449,Dec-2014,Turkey,B,BA,KSICKTIPSNKPKKKPTTKPTNKPPTKTTNKRDPKTLAKTPKKETTINPTKKPTPKTTERDISTPQSTVLDITTSKHTERDTSTPQSIALDTTTSKHTTQQQSLYSTTPENTPNSTQTPTASEPSTSNSTQRLQSYA
450,Dec-2014,Turkey,B,BA,KSICKTIPSNKPKKKPTTKPTNKPPTKTTNKRDPKTLAKTPKKETTINPTKKPTPKTTERDTSTPQSTVLDITTSKHTERDTSTSQSIALDTTTSKHTTQQQSLYSTTPENTPNSTQTSTASEPSTSNST
451,Dec-2014,Turkey,B,BA,KSICKTIPSNKPKKKPTTKPTNKPPTKTTNKRDPKTLAKTPKKETTINPTKKPTPKTTERDTSTPQSTVLDITTSKHTERDTSTSQSIALDTTTSKHTTQQQSLYSTTPENTPNSTQTPTASEPSTSNSI
452,Dec-2014,Turkey,B,BA,KSICKTIPSNKPKKKPTTKPTNKPPTKTTNKRDPKTLAKTPEKETTINPTKKPTPKTTERDTSTPQSTVLDITTSKHTERDTSTSQSIALDTTTSKHTTQQQSLYSTTPENTPNSTQTPTASEPSTSNST
453,Dec-2014,Turkey,B,BA,KSICKTIPSNKPKKKPTTKPTNKPPTKTTNKRDPKTLAKTPKKETTINPTKKPTPKTTERDTSTPQSTVLDTTTSKHTERDTSTSQSIALDTTTSKHTTQQQSLYSTTPENTPNSTQTPAASEPSTSNST
454,Dec-2014,Turkey,B,BA,KTIPSNKPKKKPTTKPTNKPPTKTTNKRDPKTLAKTPKKETTINPTKKPTPKTTERDTSTPQSTVLDTTTSKHTERDTSTSQSIALDTTTSKHTTQQQSLYSTTPENTPNSTQTPAASEPSTSNST
455,Dec-2014,Turkey,B,BA,KSICKTIPSNKPKKKPTTKPTNKPPTKTTNKRDPKTLAKTPKKETTINPTKKPTPKTTERDTSTPQSTVLDTTTSKHTERDTSTSQSIALDTTTSKHTTQQQSLYSTTPENTPNFTQTPTASEPSTSNST
456,Dec-2014,Turkey,B,BA,KSICKTIPSNKPKKKPTTKPTNKPPTKTTNKRDPKTLAKTPKKETTINPTKKPTPKTTERDTSTPQSTVLDITTSKHTERDTSTSQSIALDTTTSKHTTQQQSLYSTTPENTPNSTQTPTASEPSTSNSTQRLQSYA
457,Dec-2014,Turkey,B,BA,CKSICKTIPSNKPKKKPTTKPTNKPPTKTTNKRDPKTPAKTPKKETTINPTKKPTPKTTERDTSTPQSTVLDTTTSKHTERDTSTSQSIALDTTTSKHTIQQQSLYSTTLENTPNSTQTPTASEPSTSNST
458,Dec-2015,Turkey,A,ON1,LTTKPTGKPTINTTKTNIRTTLLTSNTKGNPEHTSQEETLHSTTSKGYLSPSQVYTTSGQEETLHSTTSEGYLSPSQVYTTSEYLSQSLSSSNTTK
459,Dec-2015,Turkey,A,ON1,LTTKPTRKPTINTTKTNIRTTLLTSNTKGNPEHTSQEENLHSTTSKGYLSPSQVYTTSGQEETLHSTTSEGYLSPSQVYTTSEYLSQSLSSSNTTK
460,Dec-2015,Turkey,A,ON1,LTTKPTGKPTINTTKTNIRTTLLTSNTKGNPEHTSQEETIHSTTSKGYLSPSQVYTTSGQEETLHSTTSEGYLSPSQVYTTSEYLSQSLSSSNTTK
461,Dec-2015,Turkey,A,ON1,LTTKPTRKPTINTTKTNIRTTLLTSNTKGNPEHTSQEETLHSTTSKGYLSPSQVYTTSGQEETLHSTTSEGYLSPSQVYTTSEYLSQSLSSSNTTK
462,Dec-2015,Turkey,A,ON1,LTTKPTGKPTINTTKTNIRTTLLTSNTKGNLEHTSQEETLHSTTSEGYPGPSQVYTTSGQEETLHSTTSEGYPSPSQVHTTSEYLSQSLSSSNTTK
463,Dec-2015,Turkey,A,ON1,LTTKPTRKPTINTTNTNIRTTLLTSNTKGNPEHTSQEETLHSTTSKGYLSPSQVYTTSGQEETLHSTTSEGYLSPSQVYTTSEYLSQSLSSSNTTK
464,Dec-2015,Turkey,A,ON1,LTTKPTGKPTINTTKTNIRTTLLTSNTKGNPEHTSQEETLHSTTSEGYLSPSQVYTTSGQEETLHSTTSEGYPSPSQVYTTSEHLSQSLSSSNTTK
465,Dec-2015,Turkey,A,ON1,LTTKPTGEPTINTTKTNSRTTLLTSNTKGNPEHTSQKETLHSTTSEGYLSPSQVYTTSGQEETLHSTTSEGYPNPSQVYTTSEYLSQSLSSSNSTK
466,Dec-2015,Turkey,A,ON1,LTTKPTGEPTINTTKTNIRTTLLTSNTKGNPEHTSQEETLHSTTSEGYPSPSQVYTTSGQEETLHSTTSESYPSPSQVHTTSEYPSQSLSSSNTTK
467,Feb-2014,Turkey,A,ON1,LTSKPTGKPTINTTKTNIRTTLITSNTKGNPEHTSQEETLHSTTSEGYPSPSQVYTTSGQEETLHSTTSEGYPSPSQAHTTSEYPSQSLSSSNTTK
468,Feb-2014,Turkey,A,ON1,LTTKPTGKPTINTTKTNIRTTLITSNTKGNPEHTSQEETLHSTTSEGYPSPSQVYTTSGQEETLHSTTSEGYPSPSQAHTTSEYPSQSLSSSNTTK
469,Feb-2014,Turkey,A,ON1,LTTKPTGKPTINTTKTNIRTTLITSNTKGNPEHTSQEETLHSTTSEGYPSPSQVYTTSGQEETLHSTTSEGYPSPSQAHTTSEYPSQSLSSSNTTK
470,Feb-2014,Turkey,A,ON1,LTTKPTGKPTINTTKTNIRTTLLTSNTKENPEHTSQEETLHSTTSEGYPSPSQVYTTSGQEETLHSTTSEGYPSPSQVHTTSEYPSQSLSSSNTTK
471,Feb-2014,Turkey,A,ON1,LTTKPTGKPTINTTKTNIRTTLLTSNTKENPEHTSQEETLHSTTSEGYPSPSQVYTTSGQEETLHSTTSEGYPSPSQVHTTSEYPSQSLSSSNTTK
472,Feb-2014,Turkey,A,ON1,LTTKPTGKPTINTTKTNIRTTLITSNTKGNPEHTSQEETLHSTTSEGYPSPSQVYTTSGQEETLHSTTSEGYPSPSQAHTTSEYPSQSLSSSNTTK
473,Feb-2014,Turkey,A,ON1,LTTKPTGKPTINTTKTNIRTTLLTSNTKGNPEHTSQEETLQSTTSEGYLSPSQVYTTSGQEETLHSTTSEGYLSPSQVYTTSEYLSQSLSSSNTTK
474,Feb-2014,Turkey,A,ON1,LTTKPTGKPTINTTKTNIRTTLITSNTKGNPEHTSQEETLHSTTSEGYPSPSQVYTTSGQEETLHSTTSEGYPSPSQAHTTSEYPSQSLSSSNTTK
475,Feb-2014,Turkey,A,ON1,LTTKPTGEPTINTTKTNIRTTLITSNTKGNPEHTSQEETLHSTTSEGYPSPSQVYTTSGQEETLHSTTSEGYPSPSQAHTTSEYPSQSLSSSNTTK
476,Feb-2014,Turkey,A,ON1,LTTKPTGEPTINTTKTNIRTTLLTSNTKGNPEHTSQEETLHSTTSEGYLSPSQVYTTSGQEETLHSTTSEGYLSPSQVYTTSEYLSQSLSSSNTTK
477,Feb-2014,Turkey,A,ON1,LTTKPTGKPTINTTKTNIRTTLITSNTKGNPEHTSQEETLHSTTSEGYPSPSQVYTTSGQEETLHSTTSEGYPSPSQAHTTSEYPSQSLSSSNTTK
478,Jan-2014,Turkey,A,ON1,LTTKPTGKPTINTTKTNIRTTLITSNTKGNPEHTSQEETHQSTTSEGYPSPSQVYTTSGQEETLHSTTSEGYPSPSQAHTTSEYPSQSLSSSNTTK
479,Jan-2014,Turkey,A,ON1,LTTKPTGKPTINTTKTNIRTTLITSNTKGNPEHTSQEETLHSTTSEGYPSPSQVYTTSGQEETLHSTTSEGYPSPSQAHTTSEYPSQSLSSSNTTK
480,Jan-2014,Turkey,A,ON1,LTTKPTGKPTINTTKTNIRTTLITSNTKGNPEHTSQEETLHSTTSEGYPSPSQVYTTSGQEETLHSTTSEGYPSPSQAHTTSEYPSQSLSSSNTTK
481,Jan-2014,Turkey,A,ON1,LTTKPTGKPTINTTKTNIRTTLITSNTKGNPEHTSQEETLHSTTSEGYPSPSQVYTTSGQEETLHSTTSEGYPSPSQVHTTSEYPSQSLSSSNTTK
482,Jan-2014,Turkey,A,ON1,LTTKPTGKPTINTTKTNIRTTLLTSNTKGNPEHTSQEETLHSTTSEGYPSPSQVYTTSGQEETLHSTTSEGYPSPSQAHTTSEYPSQSLSSSNTTK
483,Jan-2014,Turkey,A,ON1,LTTKPTGKPTINTTKTNIRTTLITSNTKGNPEHTSQEETLHSTTSEGYPSPSQVYTTSGQEETLHSTTSEGYPSPSQAHTTSEYPSQSLSSSNTTK
484,Jan-2014,Turkey,A,ON1,LTTKPTGKPTINTTKTNIRTTLLTSNTKGNPEHTSQEETLHSTTSEGYLSPSQVYTTSGQEETLHSTTSEGYLSPSQVYTTSEYLSQSLSSSNTTK
485,Jan-2014,Turkey,A,ON1,LTTKPTGKPTINTTKTNIRTTLITSNTKGNPEHTSQEETLHSTTSEGYPSPSQVYTTSGQEETLHSTTSEGYPSPSQAHTTSEYPSQSLSSSNTTK
486,Jan-2014,Turkey,A,ON1,LTTKPTGRPTINTTKTNIRTTLLTSNTKGNPEHTSQEETLHSTTSEGYLSPSQVYTTSGQEETLHSTTSEGYLSPSQVYTTSEYLSQSLSSSNTTK
487,Jan-2014,Turkey,A,ON1,LTTKPTGKPTINTTKTNIRTTLLTSNTEGNPEHTSQEETLHSTTSEGYPSPSQVYTTSGQEETLHSTTSEGYPSPSQAHTTSEYPSQSLSSSNTTK
488,Jan-2014,Turkey,A,ON1,LTAKPTGKPTINTTKTNIRTTLITSNTKGNPEHTSQEETLHSTTSEGYPSPSQVYTTSGQEETLHSTTSEGYPSPSQAHTTSEYPSQSLSSSNTTK
489,Jan-2014,Turkey,A,ON1,LTTKPTGKPTINTTKTNIRTTLLTSNTKGNPEHTSQEETLHSTTSEGYLSPSQVYTTSGQEETLHSTTSEGYLSPSQVYTTSEYLSQSLSSSNTTK
490,Jan-2014,Turkey,A,ON1,LTTKPTGKPTINTTKTNIRTTLITSNTKGNPEHTSQEETLHSTTSEGYPSPSQVYTTSGQEETLHSTTSEGYPSPSQAHTTSEYPSQSLSSSNTTK
491,Jan-2014,Turkey,A,ON1,LTTKPTGKPTINTTKTNIRTTLITSNTKGNPEHTSQEETLHSTTSEGYPSPSQVYTTSGQEETLHSTTSEGYPSPSQAHTTSEYPSQSLSSSNTAK
492,Jan-2014,Turkey,A,ON1,LTTKPTGKPTINTTKTNIRTTLITSNTKGNPEHTSQEETLHSTTSEGYPSPSQVYTTSGQEETLHSTTSEGYPSPSQAHTTSEYPSQSLSSSNTTK
493,23-Feb-2015,Argentina,B,BA,MSKNKNQRTARTLEKTWDTLNHLIVISSCLYKLNLKSIAQIALSVLAMIISTSLIIAAIIFIISANHKVTLTTVTVQTIKNHTEKNITTYLTQVSPERVSPSKQPTTTPPIHTNSATISPNTKSETHHTTAQTKGRTSTPTQNNKPSTKPRPKNPPKKDDYHFEVFNFVPCSICGNNQLCKSICKTIPSNKPKKKPTTKPTNKPPTKTTNKRDPKTLAKTPKKETTINPTKKPTPKTTERDTSTPQSTVLDTTTSKHTERDTRTPQSTALDKTTSKHITQQQSLHSTTPENTPNSTQTPTASEPSTSNST
494,30-Apr-2015,Argentina,A,ON1,MSKTKDQRTAKTLERTWDTLNHLLFISSCLYKLNLKSIAQITLSILAMIISTSLIIAAIIFIASANHKVTLTTAIIQDATNQIKNTTPTYLTQNPQLGISFSNLSGTTSQSTTILASPTPSAESTPQSTTVKIKNTTTTQILPSKPTTKQRQNKPQNKPNNDFHFEVFNFVPCSICSNNPTCWAICKRIPNKKPGKKTTTKPTKKPTLKTTKKDPKPQTTKPKEVLTTKPTGKPTINTTKTNIRTTLLTSNTKGNPEHTSQEETLHSTTSEGYLSPSQVYTTSGQEETLHSTTSEGYLSPSQIYTTSEYLSQSLSSSNTTK
495,07-Jun-2012,Croatia,B,BA9,
496,06-Mar-2014,Croatia,B,BA9,
497,04-Mar-2014,Croatia,B,BA9,
498,04-Mar-2014,Croatia,B,BA9,
499,01-Mar-2014,Croatia,B,BA9,
